Name,Code,Category,Price,Change,Change%,52week,Volume,EPS,DPS,NTA,PE,DY,ROE,PTBV,MCap.(M),hyperlink
DYNAFNT,03046,"SoftwareTechnology, Leap Market",0.800,0,0%,0.800-1.000,0,909.59,0.5,0.2,0.09,0.62,"4,547.94",4.00,86.40,https://www.klsescreener.com/v2/stocks/view/03046/dynafront-holdings-berhad
ZELAN,2283,"ConstructionConstruction, Main Market",0.055,0.005,10%,0.020-0.085,"3,992",21.01,0,0.01,0.26,0.00,"2,101.24",5.50,46.47,https://www.klsescreener.com/v2/stocks/view/2283/zelan-bhd
CAPITALA,5099,"Travel, Leisure & HospitalityConsumer Products & Services, Main Market",0.225,0.005,2.3%,0.215-0.645,"128,931",244.28,0,0.13,0.09,0.00,"1,879.10",1.73,1008.11,https://www.klsescreener.com/v2/stocks/view/5099/capital-a-berhad
CHINAETF-USD,0829EB,"Equity FundETF-Equity, ETF",1.270,0,0%,1.230-1.270,0,377.60,0,1.035,0.34,0.00,364.76,1.23,0.14,https://www.klsescreener.com/v2/stocks/view/0829EB/tradeplus-s-p-new-china-tracker-usd
VANTNRG,5218,"Energy, Infrastructure, Equipment & ServicesEnergy, Main Market",0.315,-0.005,-1.6%,0.220-0.690,"12,252",201.17,0,1.45,0.16,0.00,138.74,0.22,729.83,https://www.klsescreener.com/v2/stocks/view/5218/vantris-energy-berhad
CARLSBG,2836,"Food & BeveragesConsumer Products & Services, Main Market",12.280,0.1,0.8%,12.000-18.480,"1,855",124.63,111,0.93,9.85,9.04,134.01,13.20,3754.59,https://www.klsescreener.com/v2/stocks/view/2836/carlsberg-brewery-malaysia-bhd
HEIM,3255,"Food & BeveragesConsumer Products & Services, Main Market",13.280,0.2,1.5%,12.980-25.300,"3,881",135.45,152,1.15,9.80,11.45,117.78,11.55,4011.86,https://www.klsescreener.com/v2/stocks/view/3255/heineken-malaysia-berhad
IDBTECH,03030,"SoftwareTechnology, Leap Market",0.180,0,0%,0.130-0.180,0,1.42,0.7,0.016,12.63,3.89,91.92,11.61,90.00,https://www.klsescreener.com/v2/stocks/view/03030/idb-technologies-berhad
ALAM,5115,"Energy, Infrastructure, Equipment & ServicesEnergy, Main Market",0.225,0.005,2.3%,0.170-0.340,"6,849",22.87,0,0.25,0.98,0.00,91.46,0.90,100.25,https://www.klsescreener.com/v2/stocks/view/5115/alam-maritim-resources-bhd
NESTLE,4707,"Food & BeveragesConsumer Products & Services, Main Market",90.160,0.72,0.8%,88.700-122.200,590,255.74,220,3.09,35.25,2.44,82.76,29.18,21142.52,https://www.klsescreener.com/v2/stocks/view/4707/nestle-malaysia-berhad
SUNCON,5263,"ConstructionConstruction, Main Market",7.710,0.21,2.8%,5.330-8.400,"33,363",31.84,50.5,0.47,24.22,6.55,67.74,16.40,10272.37,https://www.klsescreener.com/v2/stocks/view/5263/sunway-construction-group-berhad
KHEESAN,6203,"Food & BeveragesConsumer Products & Services, Main Market",0.090,0.005,5.9%,0.070-0.195,"5,310",4.46,0,0.075,2.02,0.00,59.68,1.20,110.49,https://www.klsescreener.com/v2/stocks/view/6203/khee-san-berhad
TXCD,7145,"ConstructionConstruction, Main Market",0.200,0.005,2.6%,0.085-0.210,"4,241",3.48,0,0.06,5.75,0.00,57.93,3.33,62.33,https://www.klsescreener.com/v2/stocks/view/7145/txcd-berhad
HENGYUAN,4324,"Oil & Gas ProducersEnergy, Main Market",3.660,-0.11,-2.9%,0.720-4.680,"56,434",203.20,10,3.546,1.80,2.73,57.31,1.03,2196.59,https://www.klsescreener.com/v2/stocks/view/4324/hengyuan-refining-company-berhad
UCHITEC,7100,"Industrial Materials, Components & EquipmentIndustrial Products & Services, Main Market",2.480,0,0%,2.450-3.280,"1,530",19.57,19.5,0.38,12.67,7.86,51.50,6.53,1154.47,https://www.klsescreener.com/v2/stocks/view/7100/uchi-technologies-berhad
JASKITA,8648,"Industrial Materials, Components & EquipmentIndustrial Products & Services, Main Market",0.195,0,0%,0.165-0.445,275,6.77,12,0.14,2.88,61.54,48.35,1.39,87.66,https://www.klsescreener.com/v2/stocks/view/8648/jasa-kita-berhad
RPLANET,03036,"Digital ServicesTechnology, Leap Market",0.270,0,0%,0.150-0.300,0,3.38,0.6,0.07,7.99,2.22,48.23,3.85,91.98,https://www.klsescreener.com/v2/stocks/view/03036/redplanet-berhad
TPTEC,03061,"Industrial ServicesIndustrial Products & Services, Leap Market",0.180,0,0%,0.155-0.180,0,2.66,0,0.06,6.77,0.00,44.34,3.00,90.00,https://www.klsescreener.com/v2/stocks/view/03061/tp-tec-holding-berhad
SUNWAY,5211,"Diversified IndustrialsIndustrial Products & Services, Main Market",4.400,0.09,2.1%,4.230-5.978,"42,456",155.36,6,3.65,2.83,1.36,42.56,1.21,29943.87,https://www.klsescreener.com/v2/stocks/view/5211/sunway-berhad
DYNAMIC,03058,"SoftwareTechnology, Leap Market",0.265,0,0%,0.275-0.275,0,2.81,0.8,0.067,9.41,3.02,42.07,3.96,66.25,https://www.klsescreener.com/v2/stocks/view/03058/total-dynamic-holdings-berhad
BNASTRA,7195,"ConstructionConstruction, Main Market",2.720,0.09,3.4%,1.880-2.830,"18,480",15.15,6.5,0.37,17.95,2.39,40.91,7.35,2977.00,https://www.klsescreener.com/v2/stocks/view/7195/binastra-corporation-berhad
HUMEIND,5000,"Building MaterialsIndustrial Products & Services, Main Market",2.600,0.03,1.2%,2.520-3.920,"5,479",59.35,13,1.48,4.38,5.00,40.10,1.76,1886.26,https://www.klsescreener.com/v2/stocks/view/5000/hume-cement-industries-berhad
AUTORIS,03059,"Other FinancialsFinancial Services, Leap Market",0.495,0,0%,0.495-0.495,0,2.29,0.5,0.059,21.62,1.01,39.08,8.45,184.19,https://www.klsescreener.com/v2/stocks/view/03059/autoris-group-holdings-berhad
MMIS,03027,"Industrial Materials, Components & EquipmentIndustrial Products & Services, Leap Market",0.500,0,0%,0.150-0.200,0,3.61,0.3,0.093,13.87,0.60,38.90,5.39,300.00,https://www.klsescreener.com/v2/stocks/view/03027/mmis-berhad
SCICOM,0099,"Industrial ServicesIndustrial Products & Services, Main Market",2.200,-0.08,-3.5%,0.940-2.450,"5,595",13.29,12,0.36,16.56,5.45,36.91,6.11,782.00,https://www.klsescreener.com/v2/stocks/view/0099/scicom-msc-bhd
99SMART,5326,"RetailersConsumer Products & Services, Main Market",3.230,0.11,3.5%,2.820-4.150,"97,190",7.98,4.5,0.22,40.48,1.39,36.34,14.71,27132.00,https://www.klsescreener.com/v2/stocks/view/5326/99-speed-mart-retail-holdings-berhad
SLIC,03008,"Digital ServicesTechnology, Leap Market",0.260,0,0%,0.260-0.600,0,2.80,4,0.08,9.28,15.38,35.01,3.25,33.02,https://www.klsescreener.com/v2/stocks/view/03008/sl-innovation-capital-berhad
MYAXIS,03064,"Food & BeveragesConsumer Products & Services, Leap Market",0.160,0,0%,0.240-0.300,0,2.32,0.29,0.05,6.89,1.81,34.82,3.20,54.53,https://www.klsescreener.com/v2/stocks/view/03064/myaxis-group-berhad
UNIWALL,03017,"ConstructionConstruction, Leap Market",0.490,0,0%,0.490-0.490,0,1.39,0,0.04,35.20,0.00,34.80,12.25,358.39,https://www.klsescreener.com/v2/stocks/view/03017/uni-wall-aps-holdings-berhad
MRDIY,5296,"RetailersConsumer Products & Services, Main Market",1.250,0.01,0.8%,1.220-1.920,"97,478",6.61,8.7,0.193,18.91,6.96,34.21,6.47,11846.84,https://www.klsescreener.com/v2/stocks/view/5296/mr-d-i-y-group-m-berhad
BURSA,1818,"Other FinancialsFinancial Services, Main Market",8.020,0.08,1%,7.840-9.180,"2,814",33.27,28,1.03,24.10,3.49,32.30,7.79,6490.58,https://www.klsescreener.com/v2/stocks/view/1818/bursa-malaysia-berhad
IAB,0376,"Industrial ServicesIndustrial Products & Services, Ace Market",1.310,-0.04,-3%,0.620-2.000,"54,033",7.53,0,0.24,17.39,0.00,31.39,5.46,720.50,https://www.klsescreener.com/v2/stocks/view/0376/insights-analytics-berhad
BAT,4162,"Personal GoodsConsumer Products & Services, Main Market",4.260,-0.04,-0.9%,4.240-6.730,"1,486",36.32,63.5,1.2,11.73,14.91,30.27,3.55,1216.36,https://www.klsescreener.com/v2/stocks/view/4162/british-american-tobacco-malaysia-berhad
ADB,0276,"SoftwareTechnology, Main Market",0.485,-0.015,-3%,0.405-1.110,"7,851",3.02,5,0.1,16.05,10.31,30.22,4.85,266.99,https://www.klsescreener.com/v2/stocks/view/0276/autocount-dotcom-berhad
PRKCORP,8346,"Transportation & Logistics ServicesTransportation & Logistics, Main Market",0.710,0,0%,0.270-0.970,0,41.07,0,1.39,1.73,0.00,29.55,0.51,71.00,https://www.klsescreener.com/v2/stocks/view/8346/perak-corporation-berhad
HUPSENG,5024,"Food & BeveragesConsumer Products & Services, Main Market",0.835,0.005,0.6%,0.820-1.120,"3,003",6.45,2,0.22,12.94,2.40,29.34,3.80,668.00,https://www.klsescreener.com/v2/stocks/view/5024/hup-seng-industries-bhd
SSB8,0045,"ConstructionConstruction, Ace Market",0.670,0,0%,0.495-0.685,"39,570",2.92,1,0.1,22.94,1.49,29.21,6.70,1522.64,https://www.klsescreener.com/v2/stocks/view/0045/southern-score-builders-berhad
TAFI,7211,"Houshold GoodsConsumer Products & Services, Main Market",0.675,0,0%,0.505-0.720,0,10.60,0,0.37,6.37,0.00,28.65,1.82,256.11,https://www.klsescreener.com/v2/stocks/view/7211/tafi-industries-berhad
UTDPLT,2089,"PlantationPlantation, Main Market",30.700,0.3,1%,23.060-35.880,"4,142",122.86,125,4.3,24.99,4.07,28.57,7.14,19167.70,https://www.klsescreener.com/v2/stocks/view/2089/united-plantations-berhad
CBHB,0339,"Industrial ServicesIndustrial Products & Services, Ace Market",1.140,0.04,3.6%,0.405-1.170,"92,438",3.98,0.27,0.14,28.62,0.24,28.45,8.14,2144.22,https://www.klsescreener.com/v2/stocks/view/0339/cbh-engineering-holding-berhad
ALPHA,0303,"Health Care ProvidersHealth Care, Ace Market",0.275,0,0%,0.235-0.345,"67,560",1.10,1.1,0.04,24.92,4.00,27.59,6.88,1336.50,https://www.klsescreener.com/v2/stocks/view/0303/alpha-ivf-group-berhad
MPSOL,03019,"Consumer ServicesConsumer Products & Services, Leap Market",0.130,0,0%,0.030-0.130,0,1.90,0.14,0.07,6.82,1.08,27.21,1.86,37.66,https://www.klsescreener.com/v2/stocks/view/03019/matrix-parking-solution-holdings-berhad
WPRTS,5246,"Transportation & Logistics ServicesTransportation & Logistics, Main Market",6.710,0.06,0.9%,5.050-7.250,"22,505",35.68,21.85,1.316,18.81,3.26,27.11,5.10,23162.68,https://www.klsescreener.com/v2/stocks/view/5246/westports-holdings-berhad
KEEMING,0392,"Industrial ServicesIndustrial Products & Services, Ace Market",2.680,0.1,3.9%,0.600-2.790,"4,376",7.36,0,0.21,36.43,0.00,26.27,12.76,871.00,https://www.klsescreener.com/v2/stocks/view/0392/kee-ming-group-berhad
WELLCAL,7231,"Industrial Materials, Components & EquipmentIndustrial Products & Services, Main Market",1.120,0,0%,1.100-1.500,755,7.77,8,0.296,14.41,7.14,26.26,3.78,557.70,https://www.klsescreener.com/v2/stocks/view/7231/wellcall-holdings-bhd
CHEEDING,0372,"ConstructionConstruction, Ace Market",0.620,0.01,1.6%,0.565-0.960,"20,610",4.46,0.3,0.17,13.90,0.48,26.24,3.65,494.30,https://www.klsescreener.com/v2/stocks/view/0372/cheeding-holdings-berhad
MAXIS,6012,"Telecommunications Service ProvidersTelecommunications & Media, Main Market",3.500,-0.01,-0.3%,3.220-4.360,"17,575",20.98,17.5,0.8,16.68,5.00,26.22,4.38,27446.65,https://www.klsescreener.com/v2/stocks/view/6012/maxis-berhad
ENRA,8613,"Energy, Infrastructure, Equipment & ServicesEnergy, Main Market",0.780,0,0%,0.410-0.985,0,10.33,0,0.41,7.55,0.00,25.20,1.90,132.37,https://www.klsescreener.com/v2/stocks/view/8613/enra-group-berhad
AME,5293,"ConstructionConstruction, Main Market",1.310,0.03,2.3%,1.270-1.610,"1,446",46.85,13,1.86,2.80,9.92,25.19,0.70,839.28,https://www.klsescreener.com/v2/stocks/view/5293/ame-elite-consortium-berhad
PLB,7055,"PropertyProperty, Main Market",0.860,0,0%,0.665-1.050,0,20.82,0,0.83,4.13,0.00,25.09,1.04,96.66,https://www.klsescreener.com/v2/stocks/view/7055/plb-engineering-berhad
PMETAL,8869,"MetalsIndustrial Products & Services, Main Market",7.230,0.11,1.5%,5.940-9.380,"60,586",31.32,8,1.27,23.08,1.11,24.66,5.69,59572.44,https://www.klsescreener.com/v2/stocks/view/8869/press-metal-aluminium-holdings-berhad
ISF,0390,"Industrial ServicesIndustrial Products & Services, Ace Market",0.905,0.07,8.4%,0.350-0.905,"84,059",2.43,0,0.1,37.21,0.00,24.32,9.05,905.00,https://www.klsescreener.com/v2/stocks/view/0390/isf-group-berhad
SANCY,03057,"SoftwareTechnology, Leap Market",0.320,0,0%,0.260-0.380,0,1.13,0,0.047,28.34,0.00,24.18,6.85,217.34,https://www.klsescreener.com/v2/stocks/view/03057/sancy-berhad
INNO,6262,"PlantationPlantation, Main Market",1.900,0,0%,1.800-2.200,"2,299",16.23,15,0.68,11.70,7.89,23.87,2.79,909.83,https://www.klsescreener.com/v2/stocks/view/6262/innoprise-plantations-berhad
PWRWELL,0217,"Industrial Materials, Components & EquipmentIndustrial Products & Services, Ace Market",1.200,0.03,2.6%,0.505-1.250,"22,210",4.97,1.5,0.21,24.12,1.25,23.69,5.71,696.66,https://www.klsescreener.com/v2/stocks/view/0217/powerwell-holdings-berhad
MCLEAN,0167,"Industrial ServicesIndustrial Products & Services, Ace Market",0.740,0.01,1.4%,0.405-0.850,"20,118",5.19,0.4,0.22,14.27,0.54,23.57,3.36,182.20,https://www.klsescreener.com/v2/stocks/view/0167/mclean-technologies-berhad
ZETRIX,0138,"Digital ServicesTechnology, Main Market",0.085,0.01,13.3%,0.065-0.910,"2,457,251",12.92,3.14,0.553,0.66,36.94,23.36,0.15,686.68,https://www.klsescreener.com/v2/stocks/view/0138/zetrix-ai-berhad
GASMSIA,5209,"Gas, Water & Multi-UtilitiesUtilities, Main Market",5.350,-0.05,-0.9%,4.080-6.040,"18,632",27.09,23.8,1.165,19.75,4.45,23.24,4.59,6869.40,https://www.klsescreener.com/v2/stocks/view/5209/gas-malaysia-berhad
PBSB,5231,"Consumer ServicesConsumer Products & Services, Main Market",0.110,0.005,4.8%,0.085-0.165,60,3.48,0.2,0.15,3.16,1.82,23.20,0.73,66.89,https://www.klsescreener.com/v2/stocks/view/5231/pbs-berhad
PECCA,5271,"Auto PartsIndustrial Products & Services, Main Market",1.370,0,0%,1.260-1.790,"10,607",6.89,6,0.298,19.87,4.38,23.13,4.60,1030.24,https://www.klsescreener.com/v2/stocks/view/5271/pecca-group-berhad
ECOSHOP,5337,"RetailersConsumer Products & Services, Main Market",1.430,0,0%,1.200-1.670,"44,885",4.59,2.15,0.2,31.12,1.50,22.97,7.15,8233.73,https://www.klsescreener.com/v2/stocks/view/5337/eco-shop-marketing-berhad
MNHLDG,0245,"ConstructionConstruction, Main Market",3.930,0.02,0.5%,1.400-4.060,"14,938",13.32,0.25,0.58,29.51,0.06,22.96,6.78,2719.01,https://www.klsescreener.com/v2/stocks/view/0245/mn-holdings-berhad
SENDAI,5205,"ConstructionConstruction, Main Market",0.240,0,0%,0.215-0.565,"2,222",11.24,0,0.49,2.14,0.00,22.93,0.49,187.57,https://www.klsescreener.com/v2/stocks/view/5205/eversendai-corporation-berhad
FOCUSP,0157,"Personal GoodsConsumer Products & Services, Main Market",0.500,0,0%,0.475-0.555,957,5.99,4,0.262,8.35,8.00,22.87,1.91,308.00,https://www.klsescreener.com/v2/stocks/view/0157/focus-point-holdings-berhad
SEB,5163,"Industrial EngineeringIndustrial Products & Services, Main Market",0.570,-0.005,-0.9%,0.550-0.730,6,14.10,0,0.63,4.04,0.00,22.37,0.90,45.60,https://www.klsescreener.com/v2/stocks/view/5163/seremban-engineering-berhad
HEXTAR,5151,"ChemicalsIndustrial Products & Services, Main Market",0.770,0,0%,0.701-0.912,"142,281",1.56,0.5,0.07,49.40,0.65,22.27,11.00,3033.23,https://www.klsescreener.com/v2/stocks/view/5151/hextar-global-berhad
ASTRA,03032,"Food & BeveragesConsumer Products & Services, Leap Market",0.500,0,0%,0.500-0.500,0,5.71,0,0.26,8.76,0.00,21.93,1.92,136.08,https://www.klsescreener.com/v2/stocks/view/03032/astramina-group-berhad
MUIPROP,3913,"PropertyProperty, Main Market",0.150,0,0%,0.145-0.320,435,10.92,11.5,0.5,1.37,76.67,21.84,0.30,114.61,https://www.klsescreener.com/v2/stocks/view/3913/mui-properties-bhd
PESONA,8311,"ConstructionConstruction, Main Market",0.475,0.005,1.1%,0.305-0.500,"3,140",7.01,1.4,0.322,6.78,2.95,21.74,1.47,330.12,https://www.klsescreener.com/v2/stocks/view/8311/pesona-metro-holdings-bhd
INFOM,0265,"Technology EquipmentTechnology, Ace Market",1.860,-0.01,-0.5%,1.000-1.920,"10,484",5.85,2.03,0.269,31.82,1.09,21.70,6.90,1118.33,https://www.klsescreener.com/v2/stocks/view/0265/infomina-berhad
BETA,0263,"Auto PartsIndustrial Products & Services, Ace Market",0.655,-0.005,-0.8%,0.435-0.850,"2,306",7.81,6,0.36,8.39,9.16,21.69,1.82,302.32,https://www.klsescreener.com/v2/stocks/view/0263/betamek-berhad
FOODIE,0382,"MediaTelecommunications & Media, Ace Market",0.315,0.01,3.3%,0.270-0.570,"11,229",1.30,0.53,0.06,24.24,1.68,21.66,5.25,279.72,https://www.klsescreener.com/v2/stocks/view/0382/foodie-media-berhad
KGB,0151,"Industrial EngineeringIndustrial Products & Services, Main Market",8.630,-0.05,-0.6%,4.700-9.250,"14,332",18.50,13,0.868,46.65,1.51,21.33,9.95,7617.12,https://www.klsescreener.com/v2/stocks/view/0151/kelington-group-berhad
HLIND,3301,"AutomotiveConsumer Products & Services, Main Market",16.080,0,0%,13.520-19.480,998,175.09,100,8.24,9.18,6.22,21.25,1.95,5272.69,https://www.klsescreener.com/v2/stocks/view/3301/hong-leong-industries-berhad
TOPMIX,0302,"Building MaterialsIndustrial Products & Services, Ace Market",0.360,0.005,1.4%,0.345-0.520,1,4.79,1,0.23,7.52,2.78,20.82,1.57,141.79,https://www.klsescreener.com/v2/stocks/view/0302/topmix-berhad
THMY,0375,"Technology EquipmentTechnology, Ace Market",2.250,-0.07,-3%,0.735-2.450,"7,652",1.88,0,0.091,119.43,0.00,20.70,24.73,1998.00,https://www.klsescreener.com/v2/stocks/view/0375/thmy-holdings-berhad
KOPI,0338,"Food & BeveragesConsumer Products & Services, Ace Market",0.920,0.03,3.4%,0.880-1.610,"66,585",3.25,1,0.16,28.32,1.09,20.31,5.75,1840.00,https://www.klsescreener.com/v2/stocks/view/0338/oriental-kopi-holdings-berhad
RGS,03052,"Industrial ServicesIndustrial Products & Services, Leap Market",0.170,0,0%,0.100-0.175,0,0.81,0,0.04,20.94,0.00,20.29,4.25,43.35,https://www.klsescreener.com/v2/stocks/view/03052/ray-go-solar-holdings-berhad
AURORA,03037,"Personal GoodsConsumer Products & Services, Leap Market",0.220,0,0%,0.220-0.220,0,2.41,0.16,0.119,9.12,0.73,20.22,1.84,137.73,https://www.klsescreener.com/v2/stocks/view/03037/aurora-italia-international-berhad
PETDAG,5681,"RetailersConsumer Products & Services, Main Market",19.240,0,0%,17.120-23.200,965,121.83,112,6.04,15.79,5.82,20.17,3.19,19114.05,https://www.klsescreener.com/v2/stocks/view/5681/petronas-dagangan-bhd
MILOLO,03072,"RetailersConsumer Products & Services, Leap Market",0.135,0,0%,0.120-0.135,0,2.41,0,0.03,5.59,0.00,20.12,4.50,33.75,https://www.klsescreener.com/v2/stocks/view/03072/milolo-berhad
TOMEI,7230,"RetailersConsumer Products & Services, Main Market",1.740,0.04,2.4%,1.690-2.140,98,92.71,2,4.63,1.88,1.15,20.02,0.38,241.16,https://www.klsescreener.com/v2/stocks/view/7230/tomei-consolidated-berhad
KERJAYA,7161,"ConstructionConstruction, Main Market",3.540,0.08,2.3%,2.060-3.740,"7,250",19.59,12.5,0.98,18.07,3.53,19.99,3.61,4485.92,https://www.klsescreener.com/v2/stocks/view/7161/kerjaya-prospek-group-berhad
REACHTEN,5332,"Telecommunications Service ProvidersTelecommunications & Media, Main Market",0.335,0,0%,0.330-0.530,"2,615",4.58,2,0.23,7.32,5.97,19.91,1.46,335.00,https://www.klsescreener.com/v2/stocks/view/5332/reach-ten-holdings-berhad
WELLCHIP,5325,"Other FinancialsFinancial Services, Main Market",1.080,-0.02,-1.8%,1.010-1.780,"5,599",16.63,5.1,0.84,6.49,4.72,19.80,1.29,648.00,https://www.klsescreener.com/v2/stocks/view/5325/well-chip-group-berhad
DLADY,3026,"Food & BeveragesConsumer Products & Services, Main Market",29.500,0.26,0.9%,26.100-33.800,14,192.16,50,9.72,15.35,1.69,19.77,3.03,1888.00,https://www.klsescreener.com/v2/stocks/view/3026/dutch-lady-milk-industries-berhad
PSP,0383,"Industrial ServicesIndustrial Products & Services, Ace Market",0.140,0.005,3.7%,0.110-0.170,"4,355",2.16,0.3,0.11,6.49,2.14,19.60,1.27,149.63,https://www.klsescreener.com/v2/stocks/view/0383/psp-energy-berhad
ADNEX,0396,"ConstructionConstruction, Ace Market",0.450,-0.005,-1.1%,0.225-0.480,"1,589",1.82,0.5,0.07,24.67,1.11,19.54,6.43,225.00,https://www.klsescreener.com/v2/stocks/view/0396/adnex-group-berhad
ITMAX,5309,"Digital ServicesTechnology, Main Market",4.630,-0.01,-0.2%,4.170-5.220,"12,535",10.15,2.3,0.52,45.61,0.50,19.52,8.90,4804.27,https://www.klsescreener.com/v2/stocks/view/5309/itmax-system-berhad
CHB,0291,"Industrial ServicesIndustrial Products & Services, Main Market",2.810,-0.01,-0.4%,0.550-2.940,"8,471",5.46,1.88,0.28,51.45,0.67,19.51,10.04,1149.05,https://www.klsescreener.com/v2/stocks/view/0291/critical-holdings-berhad
BAUTO,5248,"AutomotiveConsumer Products & Services, Main Market",0.920,0.015,1.7%,0.500-1.120,"9,253",11.68,7.25,0.603,7.87,7.88,19.39,1.53,1078.40,https://www.klsescreener.com/v2/stocks/view/5248/bermaz-auto-berhad
SUNMOW,03050,"ConstructionConstruction, Leap Market",0.900,0,0%,0.900-1.060,0,5.10,1.65,0.264,17.65,1.83,19.30,3.41,210.90,https://www.klsescreener.com/v2/stocks/view/03050/sunmow-holding-berhad
CLOUDPT,0277,"Digital ServicesTechnology, Main Market",0.530,0.02,3.9%,0.415-0.880,"84,276",3.31,2,0.172,15.99,3.77,19.25,3.08,281.75,https://www.klsescreener.com/v2/stocks/view/0277/cloudpoint-technology-berhad
FIBRO,0355,"Industrial ServicesIndustrial Products & Services, Ace Market",0.740,0.02,2.8%,0.585-0.975,10,7.49,0,0.39,9.88,0.00,19.20,1.90,183.72,https://www.klsescreener.com/v2/stocks/view/0355/fibromat-m-berhad
SRKKAI,0466,"Digital ServicesTechnology, Ace Market",0.520,0,0%,0.490-0.635,"13,176",2.29,1,0.06,22.69,1.92,19.10,8.67,147.68,https://www.klsescreener.com/v2/stocks/view/0466/srkk-ai-berhad
PTT,7010,"PropertyProperty, Main Market",1.420,-0.02,-1.4%,1.320-1.780,252,16.78,0.8,0.88,8.46,0.56,19.07,1.61,677.86,https://www.klsescreener.com/v2/stocks/view/7010/ptt-synergy-group-berhad
RANHILL,5272,"Gas, Water & Multi-UtilitiesUtilities, Main Market",3.300,0,0%,1.620-3.420,"12,391",15.16,0,0.8,21.77,0.00,18.95,4.12,4279.39,https://www.klsescreener.com/v2/stocks/view/5272/ranhill-utilities-berhad
BOXPAK,6297,"Packaging MaterialsIndustrial Products & Services, Main Market",0.210,0,0%,0.200-0.395,0,14.58,0,0.77,1.44,0.00,18.93,0.27,25.21,https://www.klsescreener.com/v2/stocks/view/6297/box-pak-malaysia-bhd
CETECH,03024,"Industrial ServicesIndustrial Products & Services, Leap Market",0.850,0,0%,0.790-0.850,0,7.36,0.4,0.39,11.54,0.47,18.88,2.18,294.20,https://www.klsescreener.com/v2/stocks/view/03024/ce-technology-berhad
SORENTO,0326,"Houshold GoodsConsumer Products & Services, Main Market",0.680,0.005,0.7%,0.365-0.750,"7,597",3.58,1.25,0.19,18.99,1.84,18.85,3.58,584.80,https://www.klsescreener.com/v2/stocks/view/0326/sorento-capital-berhad
VSTECS,5162,"Technology EquipmentTechnology, Main Market",1.730,0.06,3.6%,1.233-2.183,"17,585",10.50,10.8,0.56,16.47,6.24,18.76,3.09,1868.40,https://www.klsescreener.com/v2/stocks/view/5162/vstecs-berhad
OHM,0357,"RetailersConsumer Products & Services, Ace Market",0.385,0.005,1.3%,0.290-0.440,727,2.62,1,0.14,14.68,2.60,18.73,2.75,192.50,https://www.klsescreener.com/v2/stocks/view/0357/oasis-home-holding-berhad
SAMAIDEN,0223,"Renewable EnergyEnergy, Main Market",3.050,0.04,1.3%,0.895-3.220,"22,265",6.97,2.4,0.373,43.73,0.79,18.68,8.17,1710.40,https://www.klsescreener.com/v2/stocks/view/0223/samaiden-group-berhad
CTOS,5301,"Digital ServicesTechnology, Main Market",0.545,-0.01,-1.8%,0.540-0.960,"48,388",4.99,2.7,0.27,10.91,4.95,18.49,2.02,1205.14,https://www.klsescreener.com/v2/stocks/view/5301/ctos-digital-berhad
SCOPE,0028,"Industrial Materials, Components & EquipmentIndustrial Products & Services, Ace Market",0.080,0,0%,0.065-0.120,"15,468",2.58,2,0.14,3.10,25.00,18.46,0.57,92.40,https://www.klsescreener.com/v2/stocks/view/0028/scope-industries-bhd
MSC,5916,"MetalsIndustrial Products & Services, Main Market",1.620,0.02,1.2%,1.350-2.330,"6,363",16.34,8,0.89,9.91,4.94,18.36,1.82,1360.80,https://www.klsescreener.com/v2/stocks/view/5916/malaysia-smelting-corporation-berhad
AMWAY,6351,"RetailersConsumer Products & Services, Main Market",4.000,0,0%,3.970-5.390,218,26.79,27.5,1.46,14.93,6.88,18.35,2.74,657.54,https://www.klsescreener.com/v2/stocks/view/6351/amway-m-holdings-bhd
GCB,5102,"Food & BeveragesConsumer Products & Services, Main Market",1.290,0.01,0.8%,0.650-1.480,"69,609",16.81,5.5,0.916,7.67,4.26,18.34,1.41,3536.51,https://www.klsescreener.com/v2/stocks/view/5102/guan-chong-berhad
VANZO,0333,"Personal GoodsConsumer Products & Services, Ace Market",0.130,0.005,4%,0.115-0.160,"2,268",1.10,0.2,0.06,11.85,1.54,18.29,2.17,60.68,https://www.klsescreener.com/v2/stocks/view/0333/vanzo-holdings-berhad
KMLOONG,5027,"PlantationPlantation, Main Market",2.620,-0.04,-1.5%,2.300-2.850,"2,415",18.27,14,1,14.34,5.34,18.27,2.62,2582.09,https://www.klsescreener.com/v2/stocks/view/5027/kim-loong-resources-berhad
LHI,6633,"Agricultural ProductsConsumer Products & Services, Main Market",0.715,-0.015,-2.1%,0.620-0.835,"54,202",14.37,2,0.797,4.98,2.80,18.04,0.90,2616.35,https://www.klsescreener.com/v2/stocks/view/6633/leong-hup-international-berhad
HI,5335,"Travel, Leisure & HospitalityConsumer Products & Services, Main Market",1.770,-0.03,-1.7%,1.720-2.880,"5,329",11.86,4,0.66,14.92,2.26,17.98,2.68,945.86,https://www.klsescreener.com/v2/stocks/view/5335/hi-mobility-berhad
PANDA,0290,"SoftwareTechnology, Ace Market",0.180,0,0%,0.165-0.280,"1,358",1.26,0.25,0.07,14.31,1.39,17.97,2.57,124.32,https://www.klsescreener.com/v2/stocks/view/0290/panda-eco-system-berhad
EG,8907,"Industrial Materials, Components & EquipmentIndustrial Products & Services, Main Market",1.780,0.03,1.7%,0.965-2.000,"37,473",13.44,0.5,0.75,13.24,0.28,17.92,2.37,1692.04,https://www.klsescreener.com/v2/stocks/view/8907/eg-industries-berhad
DXN,5318,"RetailersConsumer Products & Services, Main Market",0.460,-0.005,-1.1%,0.425-0.550,"25,156",5.14,3.2,0.29,8.95,6.96,17.72,1.59,2293.10,https://www.klsescreener.com/v2/stocks/view/5318/dxn-holdings-bhd
NORTHERN,0340,"Renewable EnergyEnergy, Main Market",1.270,0.07,5.8%,0.445-1.360,"35,719",3.89,0,0.22,32.62,0.00,17.69,5.77,502.41,https://www.klsescreener.com/v2/stocks/view/0340/northern-solar-holdings-berhad
AMEREIT,5307,"Real Estate Investment TrustsReal Estate Investment Trusts, Main Market",1.620,0.11,7.3%,1.490-1.800,"1,510",22.09,8.34,1.259,7.33,5.15,17.54,1.29,863.50,https://www.klsescreener.com/v2/stocks/view/5307/ame-real-estate-investment-trust
XOX,0165,"Telecommunications Service ProvidersTelecommunications & Media, Ace Market",0.150,0,0%,0.140-0.375,"1,284",11.74,0,0.674,1.28,0.00,17.42,0.22,27.88,https://www.klsescreener.com/v2/stocks/view/0165/xox-bhd
VITROX,0097,"SemiconductorsTechnology, Main Market",11.000,0,0%,3.940-11.300,"29,491",11.46,1.81,0.659,95.99,0.16,17.38,16.69,20843.02,https://www.klsescreener.com/v2/stocks/view/0097/vitrox-corporation-berhad
ALRICH,0079,"SoftwareTechnology, Ace Market",0.045,0,0%,0.040-0.080,0,0.42,0,0.024,10.59,0.00,17.33,1.84,15.48,https://www.klsescreener.com/v2/stocks/view/0079/aldrich-resources-berhad
SCGBHD,0225,"Industrial Materials, Components & EquipmentIndustrial Products & Services, Main Market",2.860,0.03,1.1%,1.600-3.000,"42,808",11.43,3.03,0.66,25.01,1.06,17.32,4.33,3654.78,https://www.klsescreener.com/v2/stocks/view/0225/southern-cable-group-berhad
TAS,5149,"Transportation EquipmentTransportation & Logistics, Main Market",0.425,0.025,6.3%,0.400-0.640,5,12.98,2,0.751,3.28,4.71,17.28,0.57,76.50,https://www.klsescreener.com/v2/stocks/view/5149/tas-offshore-berhad
CRESNDO,6718,"PropertyProperty, Main Market",1.220,-0.01,-0.8%,1.110-1.360,"1,839",32.65,7,1.92,3.74,5.74,17.01,0.64,1037.24,https://www.klsescreener.com/v2/stocks/view/6718/crescendo-corporation-berhad
HEGROUP,0296,"Industrial ServicesIndustrial Products & Services, Main Market",1.110,-0.03,-2.6%,0.275-1.180,"79,943",2.87,1,0.17,38.63,0.90,16.90,6.53,488.40,https://www.klsescreener.com/v2/stocks/view/0296/he-group-berhad
OPTIMAX,0222,"Health Care ProvidersHealth Care, Main Market",0.500,0,0%,0.495-0.715,"5,058",2.35,1.4,0.14,21.24,2.80,16.82,3.57,271.65,https://www.klsescreener.com/v2/stocks/view/0222/optimax-holdings-berhad
SPTOTO,1562,"Travel, Leisure & HospitalityConsumer Products & Services, Main Market",1.360,0,0%,1.230-1.400,"6,417",13.98,11,0.84,9.73,8.09,16.64,1.62,1837.40,https://www.klsescreener.com/v2/stocks/view/1562/sports-toto-berhad
SALIRAN,0346,"Industrial ServicesIndustrial Products & Services, Ace Market",0.215,0.005,2.4%,0.170-0.245,"3,704",3.47,0,0.21,6.19,0.00,16.54,1.02,82.32,https://www.klsescreener.com/v2/stocks/view/0346/saliran-group-berhad
POHKONG,5080,"RetailersConsumer Products & Services, Main Market",1.060,-0.01,-0.9%,1.040-1.320,"2,267",47.12,3,2.85,2.25,2.83,16.53,0.37,434.97,https://www.klsescreener.com/v2/stocks/view/5080/poh-kong-holdings-berhad
JTGROUP,0292,"ConstructionConstruction, Ace Market",1.370,0,0%,0.440-1.460,"16,987",4.12,0,0.25,33.21,0.00,16.50,5.48,606.81,https://www.klsescreener.com/v2/stocks/view/0292/jati-tinggi-group-berhad
ORGABIO,0252,"Food & BeveragesConsumer Products & Services, Ace Market",0.290,0.01,3.6%,0.260-0.330,350,4.77,0.5,0.29,6.08,1.72,16.45,1.00,71.88,https://www.klsescreener.com/v2/stocks/view/0252/orgabio-holdings-berhad
EMCC,0286,"Other FinancialsFinancial Services, Ace Market",0.340,0.005,1.5%,0.295-0.435,"1,840",4.26,0.65,0.26,7.97,1.91,16.40,1.31,382.90,https://www.klsescreener.com/v2/stocks/view/0286/evergreen-max-cash-capital-berhad
UWC,5292,"SemiconductorsTechnology, Main Market",7.960,-0.03,-0.4%,3.510-8.090,"31,104",8.50,0,0.52,93.63,0.00,16.35,15.31,8786.40,https://www.klsescreener.com/v2/stocks/view/5292/uwc-berhad
IGBB,5606,"PropertyProperty, Main Market",2.330,0.07,3.1%,1.836-2.640,267,41.49,2.5,2.548,5.62,1.07,16.29,0.91,4746.70,https://www.klsescreener.com/v2/stocks/view/5606/igb-berhad
KEYFIELD,5321,"Energy, Infrastructure, Equipment & ServicesEnergy, Main Market",1.430,0.03,2.1%,1.240-1.780,"2,668",16.61,9,1.02,8.61,6.29,16.28,1.40,1160.32,https://www.klsescreener.com/v2/stocks/view/5321/keyfield-international-berhad
MERCURY,8192,"ConstructionConstruction, Main Market",0.695,0,0%,0.580-0.795,5,13.99,0,0.86,4.97,0.00,16.27,0.81,49.16,https://www.klsescreener.com/v2/stocks/view/8192/mercury-industries-berhad
TAKAFUL,6139,"InsuranceFinancial Services, Main Market",2.860,0.01,0.4%,2.830-3.580,"8,921",45.42,18.5,2.8,6.30,6.47,16.22,1.02,2494.44,https://www.klsescreener.com/v2/stocks/view/6139/syarikat-takaful-malaysia-keluarga-berhad
RAMSSOL,0236,"SoftwareTechnology, Ace Market",0.800,0.01,1.3%,0.580-1.090,"112,995",5.17,0,0.32,15.47,0.00,16.16,2.50,335.67,https://www.klsescreener.com/v2/stocks/view/0236/ramssol-group-berhad
SBS,0386,"MediaTelecommunications & Media, Ace Market",0.120,0,0%,0.105-0.260,"4,351",1.65,0,0.102,7.25,0.00,16.14,1.17,58.80,https://www.klsescreener.com/v2/stocks/view/0386/sbs-nexus-berhad
SKBSHUT,7115,"Building MaterialsIndustrial Products & Services, Main Market",0.895,0.01,1.1%,0.750-1.290,529,15.85,6.5,0.99,5.65,7.26,16.01,0.90,174.08,https://www.klsescreener.com/v2/stocks/view/7115/skb-shutters-corporation-berhad
SAMCHEM,5147,"ChemicalsIndustrial Products & Services, Main Market",0.495,0,0%,0.300-0.605,"5,320",9.44,2.2,0.59,5.24,4.44,16.01,0.84,269.28,https://www.klsescreener.com/v2/stocks/view/5147/samchem-holdings-berhad
SDG,5285,"PlantationPlantation, Main Market",6.030,0.02,0.3%,5.180-7.000,"48,877",43.06,18.1,2.71,14.00,3.00,15.89,2.23,41701.76,https://www.klsescreener.com/v2/stocks/view/5285/sd-guthrie-berhad
GDB,0198,"ConstructionConstruction, Main Market",0.405,-0.01,-2.4%,0.330-0.570,"87,767",4.60,1,0.29,8.80,2.47,15.87,1.40,417.66,https://www.klsescreener.com/v2/stocks/view/0198/gdb-holdings-berhad
CRPMATE,0331,"ChemicalsIndustrial Products & Services, Ace Market",0.185,-0.005,-2.6%,0.160-0.250,"7,459",2.22,0.6,0.14,8.33,3.24,15.87,1.32,136.53,https://www.klsescreener.com/v2/stocks/view/0331/cropmate-berhad
SIGN,7246,"Houshold GoodsConsumer Products & Services, Main Market",1.320,0,0%,1.290-1.470,310,11.26,3.5,0.71,11.72,2.65,15.86,1.86,852.06,https://www.klsescreener.com/v2/stocks/view/7246/signature-international-berhad
OMAI,0106,"SoftwareTechnology, Ace Market",0.455,0,0%,0.455-0.695,0,4.90,2,0.31,9.28,4.40,15.82,1.47,86.15,https://www.klsescreener.com/v2/stocks/view/0106/openmove-ai-berhad
EDELTEQ,0278,"Technology EquipmentTechnology, Ace Market",0.465,0.03,6.9%,0.290-0.565,"238,528",2.53,0.2,0.16,18.37,0.43,15.82,2.91,272.39,https://www.klsescreener.com/v2/stocks/view/0278/edelteq-holdings-berhad
ESYS,03073,"ConstructionConstruction, Leap Market",0.550,0,0%,0.150-0.550,0,1.89,0,0.03,29.04,0.00,15.78,18.33,159.74,https://www.klsescreener.com/v2/stocks/view/03073/esys-holdings-berhad
CVIEW,5049,"PropertyProperty, Main Market",2.820,0,0%,2.700-3.430,51,75.30,53,4.78,3.75,18.79,15.75,0.59,282.00,https://www.klsescreener.com/v2/stocks/view/5049/country-view-berhad
LWSABAH,5328,"Food & BeveragesConsumer Products & Services, Main Market",1.660,0.01,0.6%,0.990-1.830,"12,745",7.85,1.8,0.5,21.14,1.08,15.70,3.32,785.48,https://www.klsescreener.com/v2/stocks/view/5328/life-water-berhad
PGLOBE,3611,"PropertyProperty, Main Market",0.730,0,0%,0.600-0.880,0,10.51,0,0.67,6.95,0.00,15.68,1.09,545.04,https://www.klsescreener.com/v2/stocks/view/3611/paragon-globe-berhad
APOLLO,6432,"Food & BeveragesConsumer Products & Services, Main Market",5.740,-0.06,-1%,5.480-6.480,22,43.86,45,2.8,13.09,7.84,15.66,2.05,459.20,https://www.klsescreener.com/v2/stocks/view/6432/apollo-food-holdings-bhd
TMK,5330,"ChemicalsIndustrial Products & Services, Main Market",2.750,0.14,5.4%,1.110-3.170,"8,023",12.64,4.9,0.81,21.76,1.78,15.60,3.40,2750.00,https://www.klsescreener.com/v2/stocks/view/5330/tmk-chemical-bhd
SPRITZER,7103,"Food & BeveragesConsumer Products & Services, Main Market",3.640,0,0%,2.030-3.900,"2,488",16.54,5,1.066,22.01,1.37,15.52,3.42,2333.96,https://www.klsescreener.com/v2/stocks/view/7103/spritzer-bhd
TIMECOM,5031,"Telecommunications Service ProvidersTelecommunications & Media, Main Market",5.480,-0.04,-0.7%,4.630-6.460,"13,285",25.12,48.69,1.62,21.82,8.89,15.50,3.38,10131.53,https://www.klsescreener.com/v2/stocks/view/5031/time-dotcom-berhad
TM,4863,"Telecommunications Service ProvidersTelecommunications & Media, Main Market",7.880,0.01,0.1%,6.930-8.300,"45,375",41.58,31,2.69,18.95,3.93,15.46,2.93,30241.38,https://www.klsescreener.com/v2/stocks/view/4863/telekom-malaysia-berhad
NADIBHD,0206,"ConstructionConstruction, Ace Market",0.320,-0.005,-1.5%,0.300-0.460,"1,412",10.76,2,0.7,2.97,6.25,15.38,0.46,240.96,https://www.klsescreener.com/v2/stocks/view/0206/gagasan-nadi-cergas-berhad
SDS,0212,"Food & BeveragesConsumer Products & Services, Main Market",0.380,0,0%,0.335-0.810,241,4.90,1.5,0.32,7.76,3.95,15.30,1.19,207.55,https://www.klsescreener.com/v2/stocks/view/0212/sds-group-berhad
KJTS,0293,"Industrial ServicesIndustrial Products & Services, Ace Market",0.990,0.025,2.6%,0.660-1.660,"4,172",3.21,0.4,0.21,30.87,0.40,15.27,4.71,683.80,https://www.klsescreener.com/v2/stocks/view/0293/kjts-group-berhad
SMRT,0117,"Digital ServicesTechnology, Ace Market",0.180,0,0%,0.100-0.745,"9,398",3.69,0,0.242,4.88,0.00,15.26,0.75,82.37,https://www.klsescreener.com/v2/stocks/view/0117/smrt-holdings-berhad
OGX,0395,"Technology EquipmentTechnology, Ace Market",0.470,-0.005,-1.1%,0.215-0.545,"12,601",2.85,0.5,0.14,16.51,1.06,15.25,3.36,352.50,https://www.klsescreener.com/v2/stocks/view/0395/ogx-group-berhad
RCECAP,9296,"Other FinancialsFinancial Services, Main Market",0.985,0.005,0.5%,0.920-1.250,"1,865",8.83,6.5,0.58,11.16,6.60,15.22,1.70,1462.20,https://www.klsescreener.com/v2/stocks/view/9296/rce-capital-berhad
AUMAS,0098,"MetalsIndustrial Products & Services, Ace Market",0.340,0,0%,0.330-0.880,"10,051",3.35,4,0.221,10.16,11.76,15.15,1.54,619.31,https://www.klsescreener.com/v2/stocks/view/0098/aumas-resources-berhad
INTA,0192,"ConstructionConstruction, Main Market",0.400,0.005,1.3%,0.355-0.460,"9,312",6.51,2.5,0.43,6.14,6.25,15.14,0.93,256.78,https://www.klsescreener.com/v2/stocks/view/0192/inta-bina-group-berhad
CHINTEK,1929,"PlantationPlantation, Main Market",10.540,0,0%,10.040-11.760,0,189.25,32,12.59,5.57,3.04,15.03,0.84,962.97,https://www.klsescreener.com/v2/stocks/view/1929/chin-teck-plantations-berhad
EQ8US50,0827EA,"Equity FundETF-Equity, ETF",4.070,-0.01,-0.2%,3.180-4.100,82,52.68,0,3.525,7.73,0.00,14.95,1.15,78.28,https://www.klsescreener.com/v2/stocks/view/0827EA/eq8-dow-jones-us-titans-50-etf
EMPIRE,5351,"Food & BeveragesConsumer Products & Services, Main Market",0.860,0.01,1.2%,0.755-1.210,"9,213",4.38,0.65,0.22,19.65,0.76,14.92,3.91,946.00,https://www.klsescreener.com/v2/stocks/view/5351/empire-premium-food-berhad
YXPM,0250,"Personal GoodsConsumer Products & Services, Main Market",0.215,0,0%,0.200-0.265,150,5.36,0,0.36,4.01,0.00,14.90,0.60,80.01,https://www.klsescreener.com/v2/stocks/view/0250/yx-precious-metals-bhd
ALLIANZ,1163,"InsuranceFinancial Services, Main Market",20.120,-0.04,-0.2%,17.800-23.300,548,530.61,35.5,35.61,3.79,1.76,14.90,0.57,3707.30,https://www.klsescreener.com/v2/stocks/view/1163/allianz-malaysia-berhad
ICTZONE,0358,"Technology EquipmentTechnology, Ace Market",0.240,0.015,6.7%,0.160-0.300,"80,585",2.22,0.42,0.15,10.80,1.75,14.81,1.60,190.91,https://www.klsescreener.com/v2/stocks/view/0358/ict-zone-asia-berhad
MTEC,0295,"Industrial Materials, Components & EquipmentIndustrial Products & Services, Ace Market",0.990,0.025,2.6%,0.930-1.160,70,3.01,1.68,0.204,32.85,1.70,14.74,4.84,1009.80,https://www.klsescreener.com/v2/stocks/view/0295/master-tec-group-berhad
LACMED,5341,"Health Care Equipment & ServicesHealth Care, Main Market",0.695,0,0%,0.650-1.340,431,4.54,0.65,0.31,15.31,0.94,14.65,2.24,278.00,https://www.klsescreener.com/v2/stocks/view/5341/lac-med-berhad
PEKAT,0233,"Renewable EnergyEnergy, Ace Market",2.840,0,0%,1.110-3.000,"8,614",6.84,1,0.47,41.52,0.35,14.55,6.04,2017.05,https://www.klsescreener.com/v2/stocks/view/0233/pekat-group-berhad
OPENSYS,0040,"SoftwareTechnology, Main Market",0.300,-0.005,-1.6%,0.295-0.335,"2,017",3.32,1.8,0.23,9.02,6.00,14.46,1.30,134.05,https://www.klsescreener.com/v2/stocks/view/0040/opensys-m-berhad
MBMR,5983,"AutomotiveConsumer Products & Services, Main Market",4.730,0,0%,4.600-5.590,"7,546",90.72,60,6.28,5.21,12.68,14.45,0.75,1848.90,https://www.klsescreener.com/v2/stocks/view/5983/mbm-resources-bhd
MHC,5026,"PlantationPlantation, Main Market",1.660,0,0%,1.230-1.980,784,24.96,13,1.73,6.65,7.83,14.43,0.96,326.26,https://www.klsescreener.com/v2/stocks/view/5026/mhc-plantations-bhd
LPI,8621,"InsuranceFinancial Services, Main Market",12.760,0.04,0.3%,12.660-15.780,218,88.62,90,6.2,14.40,7.05,14.29,2.06,5083.36,https://www.klsescreener.com/v2/stocks/view/8621/lpi-capital-bhd
FFB,5306,"Food & BeveragesConsumer Products & Services, Main Market",1.820,0.07,4%,1.710-3.030,"40,080",6.23,2,0.44,29.21,1.10,14.16,4.14,3611.71,https://www.klsescreener.com/v2/stocks/view/5306/farm-fresh-berhad
PASDEC,6912,"PropertyProperty, Main Market",0.290,0.005,1.8%,0.230-0.315,34,14.85,1.5,1.05,1.95,5.17,14.14,0.28,116.11,https://www.klsescreener.com/v2/stocks/view/6912/pasdec-holdings-bhd
KOTRA,0002,"PharmaceuticalsHealth Care, Main Market",3.790,0.01,0.3%,3.580-4.490,10,27.37,25.5,1.94,13.85,6.73,14.11,1.95,562.11,https://www.klsescreener.com/v2/stocks/view/0002/kotra-industries-berhad
BWYS,0313,"MetalsIndustrial Products & Services, Ace Market",0.150,0.005,3.4%,0.145-0.235,"1,937",3.51,0.05,0.25,4.27,0.33,14.04,0.60,153.78,https://www.klsescreener.com/v2/stocks/view/0313/bwys-group-berhad
MNRB,6459,"InsuranceFinancial Services, Main Market",2.730,0.01,0.4%,1.850-3.100,"2,780",71.60,5,5.12,3.81,1.83,13.98,0.53,2137.83,https://www.klsescreener.com/v2/stocks/view/6459/mnrb-holdings-berhad
AGX,0299,"Transportation & Logistics ServicesTransportation & Logistics, Ace Market",0.430,0.03,7.5%,0.375-0.625,"1,661",3.49,2.2,0.25,12.31,5.12,13.97,1.72,186.13,https://www.klsescreener.com/v2/stocks/view/0299/agx-group-berhad
LAND33,7131,"PropertyProperty, Main Market",0.100,-0.005,-4.8%,0.090-0.140,"1,463",5.44,0,0.39,1.84,0.00,13.94,0.26,36.75,https://www.klsescreener.com/v2/stocks/view/7131/land-33-berhad
ABLEGLOB,7167,"Food & BeveragesConsumer Products & Services, Main Market",1.570,0.03,1.9%,1.480-1.700,"2,350",25.34,7.75,1.82,6.20,4.94,13.92,0.86,487.44,https://www.klsescreener.com/v2/stocks/view/7167/able-global-berhad
AVANGAAD,5259,"Transportation & Logistics ServicesTransportation & Logistics, Main Market",0.295,0,0%,0.280-0.335,"62,582",3.74,0,0.27,7.89,0.00,13.85,1.09,391.24,https://www.klsescreener.com/v2/stocks/view/5259/avangaad-berhad
DKSH,5908,"Consumer ServicesConsumer Products & Services, Main Market",5.970,0.05,0.8%,4.800-6.250,77,104.79,0,7.582,5.70,0.00,13.82,0.79,941.22,https://www.klsescreener.com/v2/stocks/view/5908/dksh-holdings-m-bhd
COLFORM,0341,"MetalsIndustrial Products & Services, Ace Market",0.235,0,0%,0.215-0.340,0,3.44,1,0.25,6.82,4.26,13.78,0.94,141.00,https://www.klsescreener.com/v2/stocks/view/0341/colform-group-berhad
SCIENTX,4731,"Packaging MaterialsIndustrial Products & Services, Main Market",3.670,-0.01,-0.3%,3.280-4.000,"1,478",39.85,12,2.9,9.21,3.27,13.74,1.27,5711.54,https://www.klsescreener.com/v2/stocks/view/4731/scientex-berhad
FAREAST,5029,"PlantationPlantation, Main Market",3.910,0.01,0.3%,3.700-4.500,4,36.96,21,2.7,10.58,5.37,13.69,1.45,2321.91,https://www.klsescreener.com/v2/stocks/view/5029/far-east-holdings-bhd
ECOGRP,0472,",",0.160,0,0%,-,0,1.64,0,0.03,9.76,0.00,13.67,5.33,159.30,https://www.klsescreener.com/v2/stocks/view/0472/egh-international-berhad
SWKPLNT,5135,"PlantationPlantation, Main Market",4.570,0.12,2.7%,2.670-4.900,"1,187",42.30,25,3.1,10.80,5.47,13.65,1.47,1279.60,https://www.klsescreener.com/v2/stocks/view/5135/sarawak-plantation-berhad
WHITMAN,03070,"Other FinancialsFinancial Services, Leap Market",0.155,0.005,3.3%,0.125-0.155,200,0.60,0,0.022,25.83,0.00,13.64,7.05,31.00,https://www.klsescreener.com/v2/stocks/view/03070/whitman-holdings-berhad
KITACON,5310,"ConstructionConstruction, Main Market",0.650,0,0%,0.620-0.745,0,10.74,3,0.79,6.05,4.62,13.60,0.82,325.22,https://www.klsescreener.com/v2/stocks/view/5310/kumpulan-kitacon-berhad
LFG,5255,"Energy, Infrastructure, Equipment & ServicesEnergy, Main Market",1.520,-0.02,-1.3%,1.350-2.250,152,9.79,5,0.72,15.52,3.29,13.60,2.11,1743.69,https://www.klsescreener.com/v2/stocks/view/5255/lianson-fleet-group-berhad
LSH,0351,"ConstructionConstruction, Main Market",1.730,-0.07,-3.9%,1.550-2.560,"10,493",11.24,3.89,0.83,15.40,2.25,13.54,2.08,1450.36,https://www.klsescreener.com/v2/stocks/view/0351/lim-seong-hai-capital-berhad
LAGENDA,7179,"PropertyProperty, Main Market",1.540,0,0%,1.200-1.650,"1,501",22.74,6.5,1.68,6.77,4.22,13.54,0.92,1289.48,https://www.klsescreener.com/v2/stocks/view/7179/lagenda-properties-berhad
VLB,0273,"ConstructionConstruction, Ace Market",0.935,0.005,0.5%,0.400-0.990,"22,890",3.52,0,0.262,26.56,0.00,13.46,3.57,971.22,https://www.klsescreener.com/v2/stocks/view/0273/vestland-berhad
KPJ,5878,"Health Care ProvidersHealth Care, Main Market",2.500,-0.02,-0.8%,2.480-3.530,"47,554",8.85,4.23,0.66,28.26,1.69,13.40,3.79,11316.52,https://www.klsescreener.com/v2/stocks/view/5878/kpj-healthcare-berhad
SAG,0360,"ConstructionConstruction, Ace Market",0.640,0.015,2.4%,0.615-0.900,620,3.35,1,0.25,19.12,1.56,13.39,2.56,640.00,https://www.klsescreener.com/v2/stocks/view/0360/signature-alliance-group-berhad
GLXT,0284,"Industrial ServicesIndustrial Products & Services, Ace Market",0.195,0,0%,0.185-0.260,500,2.12,1,0.16,9.18,5.13,13.27,1.22,81.32,https://www.klsescreener.com/v2/stocks/view/0284/glostrext-berhad
QL,7084,"Agricultural ProductsConsumer Products & Services, Main Market",3.810,-0.01,-0.3%,3.280-4.480,"4,698",12.34,5,0.93,30.87,1.31,13.27,4.10,13908.35,https://www.klsescreener.com/v2/stocks/view/7084/ql-resources-berhad
WTK,4243,"Wood & Wood ProductsIndustrial Products & Services, Main Market",0.920,0.02,2.2%,0.615-1.170,"8,219",22.93,1.5,1.73,4.01,1.63,13.25,0.53,442.84,https://www.klsescreener.com/v2/stocks/view/4243/wtk-holdings-berhad
ECA,0267,"Technology EquipmentTechnology, Ace Market",0.370,0.005,1.4%,0.140-0.450,"43,592",1.06,0,0.08,35.06,0.00,13.19,4.63,214.24,https://www.klsescreener.com/v2/stocks/view/0267/eca-integrated-solution-berhad
AQUAWALK,0380,"Travel, Leisure & HospitalityConsumer Products & Services, Ace Market",0.130,0,0%,0.125-0.450,"8,979",1.59,0.5,0.122,8.18,3.85,13.07,1.07,239.59,https://www.klsescreener.com/v2/stocks/view/0380/aquawalk-group-berhad
FPGROUP,5277,"Industrial Materials, Components & EquipmentIndustrial Products & Services, Main Market",0.435,0.005,1.2%,0.270-0.480,"11,040",2.53,1.5,0.194,17.17,3.45,13.03,2.24,238.49,https://www.klsescreener.com/v2/stocks/view/5277/foundpac-group-berhad
ECM,2143,"Other FinancialsFinancial Services, Main Market",0.215,0,0%,0.180-0.230,0,5.72,0,0.44,3.76,0.00,13.00,0.49,106.49,https://www.klsescreener.com/v2/stocks/view/2143/ecm-libra-group-berhad
GUH,3247,"Industrial Materials, Components & EquipmentIndustrial Products & Services, Main Market",0.250,-0.01,-3.8%,0.245-0.340,"1,104",23.23,0,1.79,1.08,0.00,12.98,0.14,71.30,https://www.klsescreener.com/v2/stocks/view/3247/guh-holdings-bhd
DPHARMA,7148,"PharmaceuticalsHealth Care, Main Market",1.130,0.01,0.9%,1.120-1.570,763,10.62,4.55,0.82,10.64,4.03,12.96,1.38,1086.99,https://www.klsescreener.com/v2/stocks/view/7148/duopharma-biotech-berhad
KENERGY,0307,"Industrial Materials, Components & EquipmentIndustrial Products & Services, Ace Market",0.365,0.025,7.4%,0.330-0.830,"5,010",2.71,1,0.21,13.44,2.74,12.93,1.74,200.75,https://www.klsescreener.com/v2/stocks/view/0307/kawan-renergy-berhad
RADIUM,5313,"PropertyProperty, Main Market",0.600,0,0%,0.485-0.605,0,3.10,1,0.24,19.34,1.67,12.93,2.50,2080.80,https://www.klsescreener.com/v2/stocks/view/5313/radium-development-berhad
FPI,9172,"Houshold GoodsConsumer Products & Services, Main Market",1.060,0,0%,0.820-2.120,"1,201",16.02,90,1.24,6.62,84.91,12.92,0.85,286.61,https://www.klsescreener.com/v2/stocks/view/9172/formosa-prosonic-industries
PHARMA,7081,"PharmaceuticalsHealth Care, Main Market",0.895,-0.025,-2.7%,0.895-1.700,"30,820",4.49,0.73,0.35,19.92,0.82,12.85,2.56,1173.71,https://www.klsescreener.com/v2/stocks/view/7081/pharmaniaga-berhad
MKHOP,5319,"PlantationPlantation, Main Market",0.645,-0.005,-0.8%,0.580-0.720,"1,549",7.05,4,0.55,9.16,6.20,12.81,1.17,660.22,https://www.klsescreener.com/v2/stocks/view/5319/mkh-oil-palm-east-kalimantan-berhad
WASCO,5142,"Energy, Infrastructure, Equipment & ServicesEnergy, Main Market",0.765,0.02,2.7%,0.675-1.170,"6,574",17.25,7,1.35,4.43,9.15,12.78,0.57,592.79,https://www.klsescreener.com/v2/stocks/view/5142/wasco-berhad
FPHB,0304,"Consumer ServicesConsumer Products & Services, Main Market",0.340,0,0%,0.290-0.460,141,2.04,0.6,0.16,16.65,1.76,12.76,2.13,153.42,https://www.klsescreener.com/v2/stocks/view/0304/farm-price-holdings-berhad
MI,5286,"Technology EquipmentTechnology, Main Market",6.780,0.7,11.5%,2.489-6.800,"97,875",16.31,3,1.28,41.56,0.44,12.74,5.30,6102.00,https://www.klsescreener.com/v2/stocks/view/5286/mi-technovation-berhad
AWANTEC,5204,"Digital ServicesTechnology, Main Market",0.240,0,0%,0.225-0.375,"1,623",2.99,0,0.235,8.03,0.00,12.72,1.02,189.60,https://www.klsescreener.com/v2/stocks/view/5204/awanbiru-technology-berhad
RESTNGO,0465,"Consumer ServicesConsumer Products & Services, Ace Market",0.105,0.01,10.5%,0.095-0.155,"14,246",1.52,0.23,0.06,6.89,2.19,12.69,1.75,82.74,https://www.klsescreener.com/v2/stocks/view/0465/rng-tech-berhad
IOICORP,1961,"PlantationPlantation, Main Market",4.560,0,0%,3.800-5.000,"100,908",26.76,12.5,2.11,17.04,2.74,12.68,2.16,28660.51,https://www.klsescreener.com/v2/stocks/view/1961/ioi-corporation-berhad
NE,0325,"Industrial Materials, Components & EquipmentIndustrial Products & Services, Ace Market",1.110,-0.02,-1.8%,0.515-1.220,"7,425",4.93,0,0.39,22.52,0.00,12.64,2.85,821.40,https://www.klsescreener.com/v2/stocks/view/0325/northeast-group-berhad
LBALUM,9326,"MetalsIndustrial Products & Services, Main Market",0.455,0.005,1.1%,0.440-0.545,"1,664",14.36,2.5,1.14,3.17,5.49,12.59,0.40,197.86,https://www.klsescreener.com/v2/stocks/view/9326/lb-aluminium-bhd
XPB,0370,"Industrial ServicesIndustrial Products & Services, Ace Market",0.220,0.005,2.3%,0.125-0.235,"5,184",1.11,0.1,0.088,19.81,0.45,12.55,2.49,205.58,https://www.klsescreener.com/v2/stocks/view/0370/express-powerr-solutions-m-berhad
AEONCR,5139,"Other FinancialsFinancial Services, Main Market",4.850,0,0%,4.790-6.130,"2,538",76.49,30.75,6.12,6.34,6.34,12.50,0.79,2476.48,https://www.klsescreener.com/v2/stocks/view/5139/aeon-credit-service-m-berhad
PRTASCO,5070,"ConstructionConstruction, Main Market",0.190,-0.005,-2.6%,0.180-0.285,"17,680",10.22,0,0.82,1.86,0.00,12.47,0.23,94.12,https://www.klsescreener.com/v2/stocks/view/5070/protasco-berhad
WESTRVR,0353,"Industrial ServicesIndustrial Products & Services, Ace Market",0.460,-0.005,-1.1%,0.150-0.490,"9,340",2.35,0,0.19,19.60,0.00,12.35,2.42,164.54,https://www.klsescreener.com/v2/stocks/view/0353/west-river-berhad
HIBISCS,5199,"Oil & Gas ProducersEnergy, Main Market",2.160,-0.06,-2.7%,1.400-2.460,"22,816",48.99,10,3.97,4.41,4.63,12.34,0.54,1592.77,https://www.klsescreener.com/v2/stocks/view/5199/hibiscus-petroleum-berhad
OBHB,0327,"Food & BeveragesConsumer Products & Services, Ace Market",0.210,0.01,5%,0.140-0.225,"3,489",2.21,0.4,0.18,9.49,1.90,12.29,1.17,82.24,https://www.klsescreener.com/v2/stocks/view/0327/ob-holdings-berhad
YINSON,7293,"Energy, Infrastructure, Equipment & ServicesEnergy, Main Market",2.120,0.01,0.5%,1.710-2.480,"15,304",22.22,5,1.83,9.54,2.36,12.14,1.16,6822.01,https://www.klsescreener.com/v2/stocks/view/7293/yinson-holdings-berhad
IGBREIT,5227,"Real Estate Investment TrustsReal Estate Investment Trusts, Main Market",2.740,0.02,0.7%,2.510-3.160,"15,042",17.63,11.75,1.452,15.55,4.29,12.14,1.89,11869.16,https://www.klsescreener.com/v2/stocks/view/5227/igb-real-estate-investment-trust
ANCOMNY,4758,"ChemicalsIndustrial Products & Services, Main Market",0.840,-0.015,-1.8%,0.806-0.965,"6,385",7.08,1.5,0.59,11.86,1.79,12.00,1.42,966.00,https://www.klsescreener.com/v2/stocks/view/4758/ancom-nylex-berhad
KINERGY,0193,"Renewable EnergyEnergy, Main Market",0.395,0,0%,0.305-0.430,"120,744",1.56,0,0.13,25.39,0.00,11.96,3.04,863.10,https://www.klsescreener.com/v2/stocks/view/0193/kinergy-advancement-berhad
TAANN,5012,"PlantationPlantation, Main Market",5.770,-0.03,-0.5%,4.090-6.470,"1,176",53.38,40,4.48,10.81,6.93,11.91,1.29,2566.75,https://www.klsescreener.com/v2/stocks/view/5012/ta-ann-holdings-berhad
ORKIM,5348,"Transportation & Logistics ServicesTransportation & Logistics, Main Market",0.790,0,0%,0.745-1.210,624,7.96,3.6,0.67,9.92,4.56,11.88,1.18,790.00,https://www.klsescreener.com/v2/stocks/view/5348/orkim-berhad
PBBANK,1295,"BankingFinancial Services, Main Market",4.570,0.02,0.4%,4.180-5.290,"238,495",37.58,22.5,3.168,12.16,4.92,11.86,1.44,88706.86,https://www.klsescreener.com/v2/stocks/view/1295/public-bank-berhad
PETGAS,6033,"Gas, Water & Multi-UtilitiesUtilities, Main Market",17.120,-0.68,-3.8%,16.620-19.300,"4,230",85.92,72,7.256,19.93,4.21,11.84,2.36,33875.89,https://www.klsescreener.com/v2/stocks/view/6033/petronas-gas-berhad
DELEUM,5132,"Energy, Infrastructure, Equipment & ServicesEnergy, Main Market",0.980,0,0%,0.970-1.390,"5,587",14.54,9.3,1.23,6.74,9.49,11.82,0.80,393.52,https://www.klsescreener.com/v2/stocks/view/5132/deleum-berhad
EDARAN,5036,"Technology EquipmentTechnology, Main Market",1.080,0,0%,1.000-1.420,0,6.96,4.75,0.589,15.53,4.40,11.81,1.83,64.80,https://www.klsescreener.com/v2/stocks/view/5036/edaran-bhd
KOBAY,6971,"Industrial Materials, Components & EquipmentIndustrial Products & Services, Main Market",2.070,-0.02,-1%,1.200-2.790,"9,881",15.03,0,1.28,13.77,0.00,11.74,1.62,675.19,https://www.klsescreener.com/v2/stocks/view/6971/kobay-technology-bhd
KFIMA,6491,"Diversified IndustrialsIndustrial Products & Services, Main Market",2.430,-0.02,-0.8%,2.380-2.920,"1,453",43.05,19,3.67,5.64,7.82,11.73,0.66,705.86,https://www.klsescreener.com/v2/stocks/view/6491/kumpulan-fima-berhad
MAGNI,7087,"Personal GoodsConsumer Products & Services, Main Market",1.520,0,0%,1.500-2.240,"1,056",26.57,11,2.27,5.72,7.24,11.71,0.67,659.60,https://www.klsescreener.com/v2/stocks/view/7087/magni-tech-industries-bhd
MFLOUR,3662,"Food & BeveragesConsumer Products & Services, Main Market",0.600,0.015,2.6%,0.540-0.715,"39,822",13.25,3.5,1.14,4.53,5.83,11.62,0.53,743.49,https://www.klsescreener.com/v2/stocks/view/3662/malayan-flour-mills-berhad
UUE,0310,"ConstructionConstruction, Ace Market",0.795,0.015,1.9%,0.345-0.845,"55,657",1.86,0,0.16,42.77,0.00,11.62,4.97,725.46,https://www.klsescreener.com/v2/stocks/view/0310/uue-holdings-berhad
CORAZA,0240,"Industrial EngineeringIndustrial Products & Services, Ace Market",1.390,-0.03,-2.1%,0.450-1.470,"12,844",3.64,0,0.32,38.22,0.00,11.37,4.34,690.06,https://www.klsescreener.com/v2/stocks/view/0240/coraza-integrated-technology-berhad
OIB,5827,"PropertyProperty, Main Market",1.220,0,0%,1.180-1.360,0,18.07,6,1.59,6.75,4.92,11.37,0.77,748.63,https://www.klsescreener.com/v2/stocks/view/5827/oriental-interest-berhad
AGMO,0258,"SoftwareTechnology, Main Market",0.280,0,0%,0.250-0.450,"15,880",2.00,0,0.177,14.00,0.00,11.29,1.58,91.00,https://www.klsescreener.com/v2/stocks/view/0258/agmo-holdings-berhad
MAYBANK,1155,"BankingFinancial Services, Main Market",9.810,0.01,0.1%,9.780-12.420,"146,576",86.54,63,7.693,11.34,6.42,11.25,1.28,118657.73,https://www.klsescreener.com/v2/stocks/view/1155/malayan-banking-berhad
TALIWRK,8524,"Gas, Water & Multi-UtilitiesUtilities, Main Market",0.245,-0.005,-2%,0.225-0.560,"9,267",3.97,2.25,0.354,6.17,9.18,11.23,0.69,493.88,https://www.klsescreener.com/v2/stocks/view/8524/taliworks-corporation-berhad
CIMB,1023,"BankingFinancial Services, Main Market",7.260,0,0%,7.190-8.950,"154,558",72.64,47.1,6.501,10.00,6.49,11.17,1.12,78483.26,https://www.klsescreener.com/v2/stocks/view/1023/cimb-group-holdings-berhad
AYER,2305,"PropertyProperty, Main Market",7.550,0,0%,6.900-7.780,0,95.65,40,8.59,7.89,5.30,11.14,0.88,565.14,https://www.klsescreener.com/v2/stocks/view/2305/ayer-holdings-berhad
MSNIAGA,5011,"Digital ServicesTechnology, Main Market",1.170,0,0%,1.050-1.350,60,21.58,5,1.942,5.42,4.27,11.11,0.60,70.67,https://www.klsescreener.com/v2/stocks/view/5011/mesiniaga-berhad
PPJACK,0242,"Other FinancialsFinancial Services, Main Market",0.890,0,0%,0.885-1.100,340,4.21,1.75,0.38,21.13,1.97,11.08,2.34,683.70,https://www.klsescreener.com/v2/stocks/view/0242/pappajack-berhad
PBA,5041,"Gas, Water & Multi-UtilitiesUtilities, Main Market",2.080,0,0%,1.790-2.340,797,41.61,5,3.76,5.00,2.40,11.07,0.55,689.04,https://www.klsescreener.com/v2/stocks/view/5041/pba-holdings-bhd
TEXCYCL,0089,"Industrial ServicesIndustrial Products & Services, Ace Market",0.910,0.005,0.6%,0.885-1.240,634,8.10,0,0.734,11.23,0.00,11.04,1.24,255.88,https://www.klsescreener.com/v2/stocks/view/0089/tex-cycle-technology-m-berhad
CAB,7174,"Agricultural ProductsConsumer Products & Services, Main Market",0.620,-0.005,-0.8%,0.495-0.885,"4,554",12.96,1,1.18,4.79,1.61,10.98,0.53,435.17,https://www.klsescreener.com/v2/stocks/view/7174/cab-cakaran-corporation-berhad
EIPOWER,0453,"Industrial ServicesIndustrial Products & Services, Ace Market",0.965,0,0%,0.520-1.090,"65,888",2.63,0,0.12,36.71,0.00,10.95,8.04,675.50,https://www.klsescreener.com/v2/stocks/view/0453/ei-power-berhad
SEG,9792,"Consumer ServicesConsumer Products & Services, Main Market",0.630,0,0%,0.625-0.830,"9,686",0.98,1.8,0.089,64.56,2.86,10.93,7.05,797.42,https://www.klsescreener.com/v2/stocks/view/9792/seg-international-bhd
WTEC,0352,"Industrial ServicesIndustrial Products & Services, Ace Market",0.130,0,0%,0.100-0.185,0,1.42,0.5,0.13,9.15,3.85,10.92,1.00,62.40,https://www.klsescreener.com/v2/stocks/view/0352/wtec-group-berhad
JADI,7223,"Consumer ServicesConsumer Products & Services, Main Market",0.040,0.005,14.3%,0.020-0.055,"6,749",0.22,0,0.02,18.32,0.00,10.92,2.00,56.00,https://www.klsescreener.com/v2/stocks/view/7223/jadi-imaging-holdings-berhad
GOLDETF,0828EA,"Commodity FundETF-Commodity, ETF",5.150,0.05,1%,4.930-6.700,"1,746",54.61,0,5.005,9.43,0.00,10.91,1.03,643.73,https://www.klsescreener.com/v2/stocks/view/0828EA/tradeplus-shariah-gold-tracker
KIPREIT,5280,"Real Estate Investment TrustsReal Estate Investment Trusts, Main Market",0.860,0,0%,0.820-0.960,"8,714",12.54,7.26,1.15,6.86,8.44,10.90,0.75,996.42,https://www.klsescreener.com/v2/stocks/view/5280/kip-real-estate-investment-trust
TECGUAN,7439,"Agricultural ProductsConsumer Products & Services, Main Market",1.910,-0.03,-1.5%,1.730-2.140,76,43.64,7,4.034,4.38,3.66,10.82,0.47,76.59,https://www.klsescreener.com/v2/stocks/view/7439/teck-guan-perdana-berhad
KSL,5038,"PropertyProperty, Main Market",2.570,0.02,0.8%,2.510-3.580,515,47.93,10,4.44,5.36,3.89,10.80,0.58,2902.44,https://www.klsescreener.com/v2/stocks/view/5038/ksl-holdings-bhd
SEDANIA,0178,"Consumer ServicesConsumer Products & Services, Ace Market",0.100,0,0%,0.065-0.305,"11,100",1.00,0,0.093,10.03,0.00,10.75,1.08,40.80,https://www.klsescreener.com/v2/stocks/view/0178/sedania-innovator-berhad
MILUX,7935,"Houshold GoodsConsumer Products & Services, Main Market",0.665,0,0%,0.390-0.705,0,1.82,0,0.17,36.45,0.00,10.73,3.91,156.31,https://www.klsescreener.com/v2/stocks/view/7935/milux-corporation-berhad
DFX,0131,"Digital ServicesTechnology, Ace Market",0.150,0.005,3.4%,0.075-0.170,"174,112",0.65,0.5,0.06,23.18,3.33,10.73,2.49,111.86,https://www.klsescreener.com/v2/stocks/view/0131/divfex-berhad
F&N,3689,"Food & BeveragesConsumer Products & Services, Main Market",20.340,-0.3,-1.5%,20.340-36.820,"1,287",113.51,65,10.59,17.92,3.20,10.72,1.92,7460.27,https://www.klsescreener.com/v2/stocks/view/3689/fraser-neave-holdings-bhd
RTECH,0342,"Consumer ServicesConsumer Products & Services, Ace Market",0.235,-0.005,-2.1%,0.150-0.255,485,1.82,0,0.17,12.91,0.00,10.71,1.38,47.58,https://www.klsescreener.com/v2/stocks/view/0342/richtech-digital-berhad
VTC,0319,"Digital ServicesTechnology, Ace Market",0.205,0,0%,0.180-0.310,250,1.18,0.85,0.11,17.42,4.15,10.70,1.86,80.36,https://www.klsescreener.com/v2/stocks/view/0319/vetece-holdings-berhad
GFM,0039,"Industrial ServicesIndustrial Products & Services, Main Market",0.180,0,0%,0.150-0.220,"16,762",2.25,0.2,0.21,8.01,1.11,10.70,0.86,136.72,https://www.klsescreener.com/v2/stocks/view/0039/gfm-services-berhad
PMCK,0363,"Health Care ProvidersHealth Care, Ace Market",0.200,0.005,2.6%,0.170-0.240,"9,412",1.60,0.27,0.15,12.48,1.35,10.69,1.33,218.12,https://www.klsescreener.com/v2/stocks/view/0363/pmck-berhad
DUFU,7233,"Industrial Materials, Components & EquipmentIndustrial Products & Services, Main Market",3.200,-0.04,-1.2%,1.240-3.500,"17,502",7.25,3.5,0.68,44.14,1.09,10.66,4.71,1758.03,https://www.klsescreener.com/v2/stocks/view/7233/dufu-technology-corp-berhad
TGUAN,7034,"Packaging MaterialsIndustrial Products & Services, Main Market",1.450,0.02,1.4%,1.120-1.700,"31,667",27.19,5,2.55,5.33,3.45,10.66,0.57,586.45,https://www.klsescreener.com/v2/stocks/view/7034/thong-guan-industries-berhad
TEOSENG,7252,"Agricultural ProductsConsumer Products & Services, Main Market",0.845,0,0%,0.790-1.170,"7,517",13.50,4,1.27,6.26,4.73,10.63,0.67,507.01,https://www.klsescreener.com/v2/stocks/view/7252/teo-seng-capital-bhd
SOP,5126,"PlantationPlantation, Main Market",5.260,-0.03,-0.6%,3.310-6.400,"1,716",50.36,18,4.75,10.45,3.42,10.60,1.11,4792.26,https://www.klsescreener.com/v2/stocks/view/5126/sarawak-oil-palms-berhad
RGB,0037,"Travel, Leisure & HospitalityConsumer Products & Services, Main Market",0.215,0.005,2.4%,0.185-0.280,"19,716",1.90,1.1,0.18,11.34,5.12,10.53,1.19,332.87,https://www.klsescreener.com/v2/stocks/view/0037/rgb-international-bhd
FIBON,0149,"Industrial Materials, Components & EquipmentIndustrial Products & Services, Main Market",0.445,-0.015,-3.3%,0.365-0.475,137,7.65,1.9,0.73,5.82,4.27,10.48,0.61,43.61,https://www.klsescreener.com/v2/stocks/view/0149/fibon-berhad
ATECH,5302,"Industrial Materials, Components & EquipmentIndustrial Products & Services, Main Market",0.805,0.015,1.9%,0.570-1.120,"50,125",4.08,7.4,0.39,19.71,9.19,10.47,2.06,1047.04,https://www.klsescreener.com/v2/stocks/view/5302/aurelius-technologies-berhad
CLITE,0348,"Industrial ServicesIndustrial Products & Services, Ace Market",0.245,0,0%,0.130-0.285,"8,211",0.94,0.35,0.09,26.16,1.43,10.40,2.72,147.00,https://www.klsescreener.com/v2/stocks/view/0348/chemlite-innovation-berhad
THPLANT,5112,"PlantationPlantation, Main Market",0.525,0.01,1.9%,0.510-0.695,"1,412",9.57,3,0.92,5.49,5.71,10.40,0.57,464.02,https://www.klsescreener.com/v2/stocks/view/5112/th-plantations-berhad
SET,0337,"Industrial Materials, Components & EquipmentIndustrial Products & Services, Ace Market",0.245,0.01,4.3%,0.150-0.265,"19,276",1.45,0.6,0.14,16.85,2.45,10.39,1.75,245.20,https://www.klsescreener.com/v2/stocks/view/0337/swift-energy-technology-berhad
CHGP,7187,"PropertyProperty, Main Market",0.965,0.005,0.5%,0.950-1.240,230,4.34,2,0.42,22.23,2.07,10.33,2.30,1337.97,https://www.klsescreener.com/v2/stocks/view/7187/chin-hin-group-property-berhad
AWC,7579,"Industrial ServicesIndustrial Products & Services, Main Market",0.650,0.015,2.4%,0.430-0.785,"21,092",7.68,1.25,0.744,8.46,1.92,10.32,0.87,223.62,https://www.klsescreener.com/v2/stocks/view/7579/awc-berhad
FAMIERA,0378,"Agricultural ProductsConsumer Products & Services, Ace Market",0.230,0.02,9.5%,0.185-0.260,60,2.27,0.5,0.22,10.14,2.17,10.31,1.05,103.50,https://www.klsescreener.com/v2/stocks/view/0378/farmiera-berhad
ULICORP,7133,"Industrial Materials, Components & EquipmentIndustrial Products & Services, Main Market",1.370,0.01,0.7%,1.340-1.710,"1,832",20.21,9,1.964,6.78,6.57,10.29,0.70,298.39,https://www.klsescreener.com/v2/stocks/view/7133/united-u-li-corporation-bhd
VARIA,5006,"ConstructionConstruction, Main Market",0.800,-0.01,-1.2%,0.640-0.930,30,10.69,0,1.04,7.49,0.00,10.28,0.77,346.01,https://www.klsescreener.com/v2/stocks/view/5006/varia-berhad
LFECORP,7170,"Industrial EngineeringIndustrial Products & Services, Main Market",0.125,-0.005,-3.8%,0.115-0.210,"10,113",1.23,0,0.12,10.16,0.00,10.26,1.04,145.51,https://www.klsescreener.com/v2/stocks/view/7170/lfe-corporation-bhd
HLBANK,5819,"BankingFinancial Services, Main Market",21.480,0.38,1.8%,20.440-25.800,"9,696",209.04,110,20.38,10.28,5.12,10.26,1.05,46562.59,https://www.klsescreener.com/v2/stocks/view/5819/hong-leong-bank-berhad
RHBBANK,1066,"BankingFinancial Services, Main Market",7.220,0.07,1%,6.630-8.940,"152,736",79.58,50,7.805,9.07,6.93,10.20,0.93,31514.56,https://www.klsescreener.com/v2/stocks/view/1066/rhb-bank-berhad
LGMS,0249,"Digital ServicesTechnology, Main Market",0.560,-0.01,-1.8%,0.420-0.810,"24,763",2.24,0.5,0.221,25.04,0.89,10.12,2.53,255.36,https://www.klsescreener.com/v2/stocks/view/0249/lgms-berhad
MIKROMB,0112,"Technology EquipmentTechnology, Ace Market",0.635,-0.005,-0.8%,0.205-0.665,"19,808",2.62,0,0.26,24.22,0.00,10.08,2.44,767.28,https://www.klsescreener.com/v2/stocks/view/0112/mikro-msc-berhad
MCEMENT,3794,"Building MaterialsIndustrial Products & Services, Main Market",5.550,0.04,0.7%,5.220-8.740,"12,298",54.20,15,5.41,10.24,2.70,10.02,1.03,9248.35,https://www.klsescreener.com/v2/stocks/view/3794/malayan-cement-berhad
SUNREIT,5176,"Real Estate Investment TrustsReal Estate Investment Trusts, Main Market",2.090,0.03,1.5%,2.010-2.670,"26,567",15.22,14.48,1.521,13.73,6.93,10.00,1.37,7157.85,https://www.klsescreener.com/v2/stocks/view/5176/sunway-real-estate-investment-trust
MHB,5186,"Energy, Infrastructure, Equipment & ServicesEnergy, Main Market",0.355,0.01,2.9%,0.315-0.475,"2,810",9.72,0,0.978,3.65,0.00,9.93,0.36,568.00,https://www.klsescreener.com/v2/stocks/view/5186/malaysia-marine-and-heavy-eng
DIALOG,7277,"Energy, Infrastructure, Equipment & ServicesEnergy, Main Market",1.910,0.01,0.5%,1.540-2.360,"25,400",10.51,3.1,1.06,18.17,1.62,9.92,1.80,10783.90,https://www.klsescreener.com/v2/stocks/view/7277/dialog-group-berhad
MFCB,3069,"Renewable Energy ElectricityUtilities, Main Market",2.890,0.1,3.6%,2.730-3.900,"9,847",36.54,9.75,3.69,7.91,3.37,9.90,0.78,2856.34,https://www.klsescreener.com/v2/stocks/view/3069/mega-first-corporation-berhad
QES,0196,"Industrial Materials, Components & EquipmentIndustrial Products & Services, Main Market",0.645,0.01,1.6%,0.340-0.655,"21,145",2.36,0.75,0.24,27.27,1.16,9.85,2.69,591.73,https://www.klsescreener.com/v2/stocks/view/0196/qes-group-berhad
ABMB,2488,"BankingFinancial Services, Main Market",4.510,0,0%,4.370-5.590,"8,208",50.64,19.11,5.14,8.91,4.24,9.85,0.88,7803.31,https://www.klsescreener.com/v2/stocks/view/2488/alliance-bank-malaysia-berhad
JPG,5323,"PlantationPlantation, Main Market",1.770,0.03,1.7%,1.420-2.100,"13,662",11.82,7,1.2,14.98,3.95,9.85,1.47,4425.00,https://www.klsescreener.com/v2/stocks/view/5323/johor-plantations-group-berhad
CYBERE,5166,"Consumer ServicesConsumer Products & Services, Main Market",1.480,-0.01,-0.7%,0.690-1.550,150,17.40,0.65,1.77,8.50,0.44,9.83,0.84,257.80,https://www.klsescreener.com/v2/stocks/view/5166/cyberjaya-education-group-berhad
KIMLUN,5171,"ConstructionConstruction, Main Market",0.855,0,0%,0.845-1.490,"1,023",23.46,4,2.392,3.64,4.68,9.81,0.36,332.35,https://www.klsescreener.com/v2/stocks/view/5171/kimlun-corporation-berhad
AMBANK,1015,"BankingFinancial Services, Main Market",6.100,0,0%,5.610-7.370,"104,427",63.51,35,6.48,9.60,5.74,9.80,0.94,20216.53,https://www.klsescreener.com/v2/stocks/view/1015/ammb-holdings-berhad
NESTCON,0235,"ConstructionConstruction, Ace Market",0.470,0,0%,0.280-0.490,"1,287",2.45,0,0.25,19.19,0.00,9.79,1.88,366.14,https://www.klsescreener.com/v2/stocks/view/0235/nestcon-berhad
3A,0012,"Food & BeveragesConsumer Products & Services, Main Market",0.755,0,0%,0.650-0.805,644,10.51,3.8,1.074,7.18,5.03,9.79,0.70,371.46,https://www.klsescreener.com/v2/stocks/view/0012/three-a-resources-berhad
HLFG,1082,"BankingFinancial Services, Main Market",17.300,0.02,0.1%,16.800-23.100,"1,942",299.32,79,30.6,5.78,4.57,9.78,0.57,19852.04,https://www.klsescreener.com/v2/stocks/view/1082/hong-leong-financial-group-bhd
MTTSL,5352,"Transportation & Logistics ServicesTransportation & Logistics, Main Market",1.240,0.08,6.9%,0.890-1.420,"78,410",13.27,3.2,1.02,9.35,2.58,9.75,1.22,3100.00,https://www.klsescreener.com/v2/stocks/view/5352/mtt-shipping-and-logistics-berhad
WENTEL,0298,"Industrial Materials, Components & EquipmentIndustrial Products & Services, Ace Market",0.260,0,0%,0.215-0.335,"29,619",1.85,0,0.19,14.04,0.00,9.75,1.37,299.00,https://www.klsescreener.com/v2/stocks/view/0298/wentel-engineering-holdings-berhad
KTI,0308,"PropertyProperty, Ace Market",0.510,0,0%,0.380-0.600,"4,287",2.33,0.4,0.24,21.87,0.78,9.71,2.12,408.00,https://www.klsescreener.com/v2/stocks/view/0308/kti-landmark-berhad
MCEHLDG,7004,"Auto PartsIndustrial Products & Services, Main Market",1.440,0,0%,1.330-1.930,310,11.40,10,1.174,12.63,6.94,9.71,1.23,220.61,https://www.klsescreener.com/v2/stocks/view/7004/mce-holdings-berhad
DAYANG,5141,"Energy, Infrastructure, Equipment & ServicesEnergy, Main Market",1.390,-0.06,-4.1%,1.370-2.080,"68,983",14.82,14,1.54,9.38,10.07,9.62,0.90,1609.30,https://www.klsescreener.com/v2/stocks/view/5141/dayang-enterprise-holdings-berhad
HARBOUR,2062,"Transportation & Logistics ServicesTransportation & Logistics, Main Market",1.250,0.01,0.8%,1.240-1.600,67,23.16,7,2.41,5.40,5.60,9.61,0.52,500.50,https://www.klsescreener.com/v2/stocks/view/2062/harbour-link-group-berhad
BTECH,0011,"Gas, Water & Multi-UtilitiesUtilities, Ace Market",0.275,-0.005,-1.8%,0.235-0.295,"1,112",4.13,1,0.43,6.66,3.64,9.61,0.64,69.30,https://www.klsescreener.com/v2/stocks/view/0011/brite-tech-bhd
FRONTKN,0128,"SemiconductorsTechnology, Main Market",5.090,0.01,0.2%,3.610-5.400,"18,867",9.86,2,1.03,51.60,0.39,9.58,4.94,9274.77,https://www.klsescreener.com/v2/stocks/view/0128/frontken-corporation-berhad
EPB,0317,"Industrial ServicesIndustrial Products & Services, Ace Market",0.215,-0.005,-2.3%,0.190-0.415,250,2.91,1,0.303,7.40,4.65,9.58,0.71,79.98,https://www.klsescreener.com/v2/stocks/view/0317/epb-group-berhad
YOCB,5159,"Houshold GoodsConsumer Products & Services, Main Market",1.310,0.01,0.8%,1.250-1.610,270,21.35,8,2.23,6.14,6.11,9.57,0.59,209.60,https://www.klsescreener.com/v2/stocks/view/5159/yoong-onn-corporation-berhad
PGLOBAL,5331,"MetalsIndustrial Products & Services, Main Market",0.600,0.04,7.1%,0.380-0.605,"33,407",5.94,5,0.622,10.11,8.33,9.54,0.96,510.00,https://www.klsescreener.com/v2/stocks/view/5331/pantech-global-berhad
PICORP,7201,"Industrial ServicesIndustrial Products & Services, Main Market",0.055,0,0%,0.030-0.080,"6,746",0.67,0,0.07,8.25,0.00,9.53,0.79,36.19,https://www.klsescreener.com/v2/stocks/view/7201/progressive-impact-corporation
CENGILD,0243,"Health Care ProvidersHealth Care, Ace Market",0.170,-0.015,-8.1%,0.130-0.250,"34,287",1.37,0.36,0.144,12.38,2.12,9.52,1.18,141.60,https://www.klsescreener.com/v2/stocks/view/0243/cengild-medical-berhad
CDB,6947,"Telecommunications Service ProvidersTelecommunications & Media, Main Market",2.500,0.03,1.2%,2.440-3.760,"46,626",12.84,14.7,1.35,19.46,5.88,9.51,1.85,29328.77,https://www.klsescreener.com/v2/stocks/view/6947/celcomdigi-berhad
BPPLAS,5100,"Packaging MaterialsIndustrial Products & Services, Main Market",0.760,-0.005,-0.7%,0.590-0.875,659,9.80,3,1.03,7.76,3.95,9.51,0.74,213.96,https://www.klsescreener.com/v2/stocks/view/5100/bp-plastics-holding-bhd
SNS,0259,"Technology EquipmentTechnology, Main Market",0.540,0.01,1.9%,0.385-0.745,"67,660",1.81,1,0.19,29.91,1.85,9.50,2.84,920.19,https://www.klsescreener.com/v2/stocks/view/0259/sns-network-technology-berhad
MITRA,9571,"ConstructionConstruction, Main Market",0.455,0,0%,0.450-0.810,"1,638",11.39,3,1.2,4.00,6.59,9.49,0.38,334.95,https://www.klsescreener.com/v2/stocks/view/9571/mitrajaya-holdings-berhad
MOBILIA,0229,"Houshold GoodsConsumer Products & Services, Main Market",0.095,0,0%,0.080-0.105,962,1.14,0.5,0.12,8.35,5.26,9.48,0.79,66.50,https://www.klsescreener.com/v2/stocks/view/0229/mobilia-holdings-berhad
HAILY,0237,"ConstructionConstruction, Ace Market",0.165,0,0%,0.150-0.250,0,2.75,0.47,0.29,6.00,2.85,9.48,0.57,69.80,https://www.klsescreener.com/v2/stocks/view/0237/haily-group-berhad
GESHEN,7197,"Industrial Materials, Components & EquipmentIndustrial Products & Services, Main Market",1.110,0.01,0.9%,1.070-1.670,"3,646",4.72,1.5,0.5,23.51,1.35,9.44,2.22,469.91,https://www.klsescreener.com/v2/stocks/view/7197/ge-shen-corporation-bhd
CREST,0323,"Industrial ServicesIndustrial Products & Services, Ace Market",0.170,0,0%,0.155-0.305,630,1.23,0.41,0.13,13.86,2.41,9.44,1.31,147.15,https://www.klsescreener.com/v2/stocks/view/0323/crest-group-berhad
SLVEST,0215,"Renewable EnergyEnergy, Main Market",4.240,0.08,1.9%,1.820-4.570,"51,264",8.47,0,0.9,50.07,0.00,9.41,4.71,4153.49,https://www.klsescreener.com/v2/stocks/view/0215/solarvest-holdings-berhad
IBRACO,5084,"PropertyProperty, Main Market",1.130,0,0%,0.990-1.400,0,10.24,4,1.088,11.04,3.54,9.40,1.04,617.03,https://www.klsescreener.com/v2/stocks/view/5084/ibraco-bhd
HKB,0359,"ConstructionConstruction, Ace Market",0.805,0,0%,0.145-0.835,"32,727",0.93,0.1,0.099,86.34,0.12,9.40,8.11,549.01,https://www.klsescreener.com/v2/stocks/view/0359/hartanah-kenyalang-berhad
TEAMSTR,0393,"RetailersConsumer Products & Services, Ace Market",0.225,-0.005,-2.2%,0.195-0.270,"7,340",1.62,0.5,0.13,13.87,2.22,9.36,1.73,180.00,https://www.klsescreener.com/v2/stocks/view/0393/teamstar-berhad
PADINI,7052,"RetailersConsumer Products & Services, Main Market",1.070,0.03,2.9%,1.000-2.040,"13,584",11.41,9.2,1.22,9.38,8.60,9.35,0.88,1055.94,https://www.klsescreener.com/v2/stocks/view/7052/padini-holdings-berhad
3REN,0328,"SemiconductorsTechnology, Ace Market",0.405,0.02,5.2%,0.280-0.480,"28,928",1.50,0.75,0.16,27.08,1.85,9.35,2.53,263.92,https://www.klsescreener.com/v2/stocks/view/0328/3ren-berhad
SLG,0476,"ConstructionConstruction, Ace Market",0.250,0,0%,0.240-0.280,"93,493",2.24,0,0.06,11.17,0.00,9.32,4.17,140.00,https://www.klsescreener.com/v2/stocks/view/0476/slgc-berhad
ECOWLD,8206,"PropertyProperty, Main Market",1.930,0.1,5.5%,1.800-2.300,"19,322",16.20,7,1.74,11.91,3.63,9.31,1.11,6248.19,https://www.klsescreener.com/v2/stocks/view/8206/eco-world-development-group-berhad
PAVREIT,5212,"Real Estate Investment TrustsReal Estate Investment Trusts, Main Market",1.590,0.05,3.2%,1.510-2.030,"29,293",12.53,10,1.347,12.69,6.29,9.30,1.18,6251.00,https://www.klsescreener.com/v2/stocks/view/5212/pavilion-real-estate-investment-trust
SYGROUP,5173,"Transportation & Logistics ServicesTransportation & Logistics, Main Market",0.725,-0.005,-0.7%,0.715-0.935,"1,873",12.26,5,1.32,5.91,6.90,9.29,0.55,870.00,https://www.klsescreener.com/v2/stocks/view/5173/shin-yang-group-berhad
PPHB,8273,"Packaging MaterialsIndustrial Products & Services, Main Market",0.675,0.005,0.7%,0.610-0.745,237,17.05,0.75,1.84,3.96,1.11,9.27,0.37,180.69,https://www.klsescreener.com/v2/stocks/view/8273/public-packages-holdings-bhd
LAMBO,0018,"SoftwareTechnology, Ace Market",0.005,0,0%,0.005-0.005,0,0.99,0,0.107,0.50,0.00,9.25,0.05,7.70,https://www.klsescreener.com/v2/stocks/view/0018/lambo-group-berhad
PENTA,7160,"Technology EquipmentTechnology, Main Market",5.900,0.04,0.7%,2.800-6.160,"45,212",10.42,0,1.134,56.60,0.00,9.19,5.20,4202.67,https://www.klsescreener.com/v2/stocks/view/7160/pentamaster-corporation-berhad
KLCC,5235SS,"Real Estate Investment TrustsReal Estate Investment Trusts, Main Market",8.200,0.03,0.4%,8.120-9.570,"1,105",71.29,47,7.77,11.50,5.73,9.18,1.06,14803.73,https://www.klsescreener.com/v2/stocks/view/5235SS/klcc-real-estate-investment-trust
MATRIX,5236,"PropertyProperty, Main Market",1.090,0.04,3.8%,1.040-1.480,"17,330",11.53,6.1,1.26,9.45,5.60,9.15,0.87,2045.95,https://www.klsescreener.com/v2/stocks/view/5236/matrix-concepts-holdings-berhad
CKI,5336,"Houshold GoodsConsumer Products & Services, Main Market",0.365,0,0%,0.325-0.795,"1,758",7.18,1.84,0.792,5.08,5.04,9.07,0.46,522.97,https://www.klsescreener.com/v2/stocks/view/5336/cuckoo-international-mal-berhad
GENERGY,5343,"Renewable EnergyEnergy, Main Market",0.365,-0.005,-1.4%,0.300-0.980,"3,571",4.80,1,0.53,7.60,2.74,9.06,0.69,182.50,https://www.klsescreener.com/v2/stocks/view/5343/wasco-greenergy-berhad
PIONEER,0471,"Industrial ServicesIndustrial Products & Services, Ace Market",0.350,0.015,4.5%,0.255-0.375,"192,589",3.26,0,0.09,10.74,0.00,9.05,3.89,121.41,https://www.klsescreener.com/v2/stocks/view/0471/pioneer-heat-holdings-berhad
BUSCAP,0455,"Auto PartsIndustrial Products & Services, Ace Market",1.010,0.015,1.5%,0.225-1.070,"50,351",2.40,0,0.133,42.06,0.00,9.01,7.58,387.22,https://www.klsescreener.com/v2/stocks/view/0455/bus-cap-berhad
METRO,0329,"Health Care ProvidersHealth Care, Ace Market",0.215,-0.005,-2.3%,0.200-0.245,"3,828",0.69,0.65,0.077,31.27,3.02,8.95,2.80,210.47,https://www.klsescreener.com/v2/stocks/view/0329/metro-healthcare-berhad
GLBHD,7382,"PlantationPlantation, Main Market",0.295,0,0%,0.200-0.350,8,11.18,0,1.25,2.64,0.00,8.94,0.24,65.76,https://www.klsescreener.com/v2/stocks/view/7382/golden-land-berhad
UTAMA,03043,"Building MaterialsIndustrial Products & Services, Leap Market",0.270,0,0%,0.270-0.270,0,0.71,0.18,0.079,38.09,0.67,8.94,3.40,90.02,https://www.klsescreener.com/v2/stocks/view/03043/uci-resources-berhad
YENHER,5300,"Agricultural ProductsConsumer Products & Services, Main Market",0.775,-0.005,-0.6%,0.715-0.860,179,8.21,3,0.919,9.44,3.87,8.93,0.84,232.50,https://www.klsescreener.com/v2/stocks/view/5300/yenher-holdings-berhad
E&O,3417,"PropertyProperty, Main Market",0.775,0.01,1.3%,0.605-0.860,"9,374",9.28,1,1.04,8.35,1.29,8.92,0.75,1953.92,https://www.klsescreener.com/v2/stocks/view/3417/eastern-oriental-berhad
UMC,0256,"Health Care Equipment & ServicesHealth Care, Main Market",0.290,0.005,1.8%,0.280-0.475,"3,441",2.06,0.3,0.232,14.05,1.03,8.90,1.25,108.43,https://www.klsescreener.com/v2/stocks/view/0256/umedic-group-berhad
SIME,4197,"AutomotiveConsumer Products & Services, Main Market",2.490,0.01,0.4%,1.840-2.680,"100,129",25.85,14,2.91,9.63,5.62,8.88,0.86,16970.84,https://www.klsescreener.com/v2/stocks/view/4197/sime-darby-berhad
UMCCA,2593,"PlantationPlantation, Main Market",5.950,0.03,0.5%,5.600-6.100,93,66.13,20,7.45,9.00,3.36,8.88,0.80,1248.13,https://www.klsescreener.com/v2/stocks/view/2593/united-malacca-berhad
LUXCHEM,5143,"ChemicalsIndustrial Products & Services, Main Market",0.435,0,0%,0.350-0.465,0,5.05,1.7,0.57,8.61,3.91,8.87,0.76,465.39,https://www.klsescreener.com/v2/stocks/view/5143/luxchem-corporation-berhad
TENAGA,5347,"ElectricityUtilities, Main Market",12.880,-0.02,-0.2%,12.500-14.900,"67,037",77.86,53,8.782,16.54,4.11,8.87,1.47,75079.35,https://www.klsescreener.com/v2/stocks/view/5347/tenaga-nasional-bhd
CCK,7035,"Food & BeveragesConsumer Products & Services, Main Market",0.875,0.005,0.6%,0.845-1.400,"1,190",8.58,4,0.97,10.19,4.57,8.85,0.90,551.88,https://www.klsescreener.com/v2/stocks/view/7035/cck-consolidated-holdings-berhad
JCBNEXT,0058,"Industrial ServicesIndustrial Products & Services, Main Market",1.760,0,0%,1.640-1.840,100,30.50,7.25,3.45,5.77,4.12,8.84,0.51,230.53,https://www.klsescreener.com/v2/stocks/view/0058/jcbnext-berhad
GHS,0387,"Food & BeveragesConsumer Products & Services, Ace Market",0.185,0.005,2.8%,0.160-0.245,165,1.41,0.5,0.16,13.16,2.70,8.79,1.16,87.60,https://www.klsescreener.com/v2/stocks/view/0387/guan-huat-seng-holdings-berhad
PRIVA,0123,"Telecommunications EquipmentTelecommunications & Media, Ace Market",0.075,-0.005,-6.2%,0.065-0.100,"2,970",0.97,0,0.11,7.77,0.00,8.78,0.68,50.66,https://www.klsescreener.com/v2/stocks/view/0123/privasia-technology-berhad
ICENTS,0366,"Industrial ServicesIndustrial Products & Services, Ace Market",0.850,-0.01,-1.2%,0.340-0.910,"3,068",0.88,0,0.1,96.99,0.00,8.76,8.50,425.00,https://www.klsescreener.com/v2/stocks/view/0366/icents-group-holdings-berhad
PGF,8117,"Building MaterialsIndustrial Products & Services, Main Market",1.740,0,0%,1.400-1.980,120,13.35,3.5,1.524,13.03,2.01,8.76,1.14,347.25,https://www.klsescreener.com/v2/stocks/view/8117/pgf-capital-berhad
KEINHIN,7199,"MetalsIndustrial Products & Services, Main Market",1.070,0,0%,0.900-1.450,353,15.97,2.5,1.83,6.70,2.34,8.73,0.58,116.52,https://www.klsescreener.com/v2/stocks/view/7199/kein-hing-international-bhd
PA,7225,"MetalsIndustrial Products & Services, Main Market",0.200,-0.005,-2.4%,0.110-0.245,"30,217",2.04,1,0.234,9.81,5.00,8.71,0.85,304.29,https://www.klsescreener.com/v2/stocks/view/7225/p-a-resources-berhad
HARISON,5008,"Food & BeveragesConsumer Products & Services, Main Market",1.220,0,0%,1.130-1.380,0,12.87,6.5,1.48,9.48,5.33,8.70,0.82,417.78,https://www.klsescreener.com/v2/stocks/view/5008/harrisons-holdings-m-bhd
NOVA,0201,"PharmaceuticalsHealth Care, Main Market",0.375,0,0%,0.325-0.445,90,3.12,3.2,0.36,12.02,8.53,8.67,1.04,119.52,https://www.klsescreener.com/v2/stocks/view/0201/nova-wellness-group-berhad
TJSETIA,5297,"ConstructionConstruction, Main Market",0.175,0.005,2.9%,0.170-0.255,"1,296",1.99,0.4,0.23,8.78,2.29,8.66,0.76,60.99,https://www.klsescreener.com/v2/stocks/view/5297/tuju-setia-berhad
CEKD,0238,"Industrial Materials, Components & EquipmentIndustrial Products & Services, Ace Market",0.300,0.035,13.2%,0.250-0.375,"1,686",3.55,1.25,0.41,8.45,4.17,8.66,0.73,58.37,https://www.klsescreener.com/v2/stocks/view/0238/cekd-berhad
PARADIGM,5338,"Real Estate Investment TrustsReal Estate Investment Trusts, Main Market",0.820,0,0%,0.810-1.060,"3,032",8.69,3.63,1.009,9.44,4.43,8.61,0.81,1315.10,https://www.klsescreener.com/v2/stocks/view/5338/paradigm-real-estate-investment-trust
UNIQUE,0257,"Industrial ServicesIndustrial Products & Services, Main Market",0.400,0,0%,0.345-0.515,350,2.06,1.5,0.24,19.45,3.75,8.57,1.67,160.61,https://www.klsescreener.com/v2/stocks/view/0257/unique-fire-holdings-berhad
TSH,9059,"PlantationPlantation, Main Market",1.210,0.02,1.7%,1.070-1.560,"12,909",12.43,5,1.452,9.73,4.13,8.56,0.83,1550.98,https://www.klsescreener.com/v2/stocks/view/9059/tsh-resources-berhad
KARYON,0054,"ChemicalsIndustrial Products & Services, Main Market",0.145,0,0%,0.130-0.185,433,2.48,0.45,0.29,5.85,3.10,8.55,0.50,68.98,https://www.klsescreener.com/v2/stocks/view/0054/karyon-industries-berhad
HIAPTEK,5072,"MetalsIndustrial Products & Services, Main Market",0.255,0.005,2%,0.245-0.320,"11,441",7.88,0.5,0.926,3.23,1.96,8.51,0.28,445.67,https://www.klsescreener.com/v2/stocks/view/5072/hiap-teck-venture-berhad
RTSTECH,03039,"SoftwareTechnology, Leap Market",0.165,0,0%,0.130-0.165,0,1.27,0,0.15,13.03,0.00,8.44,1.10,43.03,https://www.klsescreener.com/v2/stocks/view/03039/rts-technology-holdings-berhad
BMGREEN,0168,"Renewable EnergyEnergy, Main Market",1.600,0.02,1.3%,1.100-2.060,"2,175",7.34,3,0.87,21.81,1.87,8.43,1.84,1100.47,https://www.klsescreener.com/v2/stocks/view/0168/bm-greentech-berhad
PARAMON,1724,"PropertyProperty, Main Market",0.985,0.005,0.5%,0.970-1.110,"1,326",20.24,7.5,2.4,4.87,7.61,8.43,0.41,613.43,https://www.klsescreener.com/v2/stocks/view/1724/paramount-corporation-berhad
T7GLOBAL,7228,"Energy, Infrastructure, Equipment & ServicesEnergy, Main Market",0.245,-0.005,-2%,0.225-0.350,"4,768",4.80,0,0.57,5.10,0.00,8.43,0.43,249.00,https://www.klsescreener.com/v2/stocks/view/7228/t7-global-berhad
WINSTAR,0336,"MetalsIndustrial Products & Services, Ace Market",0.640,0,0%,0.495-0.690,951,3.40,0,0.405,18.83,0.00,8.40,1.58,199.77,https://www.klsescreener.com/v2/stocks/view/0336/winstar-capital-berhad
MUDAJYA,5085,"ConstructionConstruction, Main Market",0.300,0,0%,0.275-0.500,500,9.90,0,1.18,3.03,0.00,8.39,0.25,159.44,https://www.klsescreener.com/v2/stocks/view/5085/mudajaya-group-berhad
SCC,0158,"Consumer ServicesConsumer Products & Services, Ace Market",0.215,0,0%,0.200-0.280,0,3.03,1,0.361,7.10,4.65,8.38,0.60,30.35,https://www.klsescreener.com/v2/stocks/view/0158/scc-holdings-berhad
IOIPG,5249,"PropertyProperty, Main Market",3.350,-0.03,-0.9%,2.060-4.620,"20,339",39.13,16,4.67,8.56,4.78,8.38,0.72,18445.59,https://www.klsescreener.com/v2/stocks/view/5249/ioi-properties-group-berhad
AXREIT,5106,"Real Estate Investment TrustsReal Estate Investment Trusts, Main Market",1.830,-0.02,-1.1%,1.730-2.240,"4,400",14.10,10.55,1.687,12.98,5.77,8.36,1.08,3705.56,https://www.klsescreener.com/v2/stocks/view/5106/axis-real-estate-investment-trust
PWF,7134,"Agricultural ProductsConsumer Products & Services, Main Market",0.710,-0.01,-1.4%,0.700-0.825,211,11.77,3.5,1.41,6.03,4.93,8.35,0.50,225.68,https://www.klsescreener.com/v2/stocks/view/7134/pwf-corporation-berhad
OSK,5053,"PropertyProperty, Main Market",1.670,0.06,3.7%,1.350-2.140,"26,281",18.81,6,2.26,8.88,3.59,8.32,0.74,5248.72,https://www.klsescreener.com/v2/stocks/view/5053/osk-holdings-berhad
MGB,7595,"ConstructionConstruction, Main Market",0.390,0,0%,0.380-0.495,903,9.12,2.57,1.11,4.28,6.59,8.21,0.35,230.74,https://www.klsescreener.com/v2/stocks/view/7595/mgb-berhad
SUPREME,0330,"Consumer ServicesConsumer Products & Services, Ace Market",0.190,0.005,2.7%,0.175-0.250,131,2.30,0.85,0.28,8.27,4.47,8.20,0.68,81.70,https://www.klsescreener.com/v2/stocks/view/0330/supreme-consolidated-resources-bhd
SUPERLN,7235,"Building MaterialsIndustrial Products & Services, Main Market",0.815,0.01,1.2%,0.560-0.940,906,9.28,3,1.133,8.78,3.68,8.19,0.72,130.40,https://www.klsescreener.com/v2/stocks/view/7235/superlon-holdings-bhd
SKYECHIP,5357,"SemiconductorsTechnology, Main Market",2.950,0.02,0.7%,2.010-3.800,"26,567",5.05,0,0.31,58.37,0.00,8.15,9.52,5298.32,https://www.klsescreener.com/v2/stocks/view/5357/skyechip-berhad
FM,7210,"Transportation & Logistics ServicesTransportation & Logistics, Main Market",0.575,-0.005,-0.9%,0.560-0.620,797,6.36,4.5,0.78,9.05,7.83,8.15,0.74,321.11,https://www.klsescreener.com/v2/stocks/view/7210/fm-global-logistics-holdings-berhad
SDCG,0321,"Industrial ServicesIndustrial Products & Services, Ace Market",0.810,0.005,0.6%,0.525-0.820,"37,818",1.22,1.5,0.15,66.49,1.85,8.12,5.40,343.30,https://www.klsescreener.com/v2/stocks/view/0321/solar-district-cooling-group-berhad
M&G,5078,"Transportation & Logistics ServicesTransportation & Logistics, Main Market",0.315,0.005,1.6%,0.125-0.335,"194,921",1.95,0,0.241,16.14,0.00,8.11,1.31,255.43,https://www.klsescreener.com/v2/stocks/view/5078/marine-general-berhad
NHB,5614,"Renewable EnergyEnergy, Main Market",1.300,0.02,1.6%,0.495-1.310,"1,488",9.96,0,1.23,13.06,0.00,8.09,1.06,253.53,https://www.klsescreener.com/v2/stocks/view/5614/nuenergy-holdings-berhad
GAMUDA,5398,"ConstructionConstruction, Main Market",5.090,0.14,2.8%,3.700-5.500,"233,402",17.39,10,2.15,29.26,1.96,8.09,2.37,30793.55,https://www.klsescreener.com/v2/stocks/view/5398/gamuda-berhad
RGTECH,0202,"Digital ServicesTechnology, Ace Market",0.160,-0.005,-3%,0.160-0.295,100,1.42,0.6,0.176,11.25,3.75,8.08,0.91,88.88,https://www.klsescreener.com/v2/stocks/view/0202/radiant-globaltech-berhad
MPI,3867,"SemiconductorsTechnology, Main Market",44.080,0.58,1.3%,28.000-50.800,456,89.59,40,11.09,49.20,0.91,8.08,3.97,9251.71,https://www.klsescreener.com/v2/stocks/view/3867/malaysian-pacific-industries
AORB,03051,"Agricultural ProductsConsumer Products & Services, Leap Market",3.100,0,0%,3.100-3.100,0,1.37,0,0.17,225.78,0.00,8.08,18.24,310.00,https://www.klsescreener.com/v2/stocks/view/03051/alpha-ocean-resources-berhad
UZMA,7250,"Energy, Infrastructure, Equipment & ServicesEnergy, Main Market",0.350,-0.005,-1.4%,0.350-0.520,"2,726",9.34,0,1.16,3.75,0.00,8.05,0.30,212.57,https://www.klsescreener.com/v2/stocks/view/7250/uzma-bhd
COASTAL,5071,"Energy, Infrastructure, Equipment & ServicesEnergy, Main Market",1.540,0.02,1.3%,0.965-1.790,52,27.79,3,3.483,5.54,1.95,7.98,0.44,871.23,https://www.klsescreener.com/v2/stocks/view/5071/coastal-contracts-bhd
GBBOND,0475,"ChemicalsIndustrial Products & Services, Ace Market",0.225,0.005,2.3%,0.205-0.255,"20,514",3.19,0,0.1,7.06,0.00,7.97,2.25,92.77,https://www.klsescreener.com/v2/stocks/view/0475/gb-bond-holdings-berhad
EXSIMHB,1287,"Travel, Leisure & HospitalityConsumer Products & Services, Main Market",0.500,-0.005,-1%,0.217-0.520,"7,907",1.75,0,0.22,28.53,0.00,7.97,2.27,1162.37,https://www.klsescreener.com/v2/stocks/view/1287/exsim-hospitality-berhad
MERSEC,0285,"Other FinancialsFinancial Services, Ace Market",0.270,0,0%,0.260-0.355,"9,722",1.82,0.5,0.229,14.81,1.85,7.97,1.18,241.11,https://www.klsescreener.com/v2/stocks/view/0285/mercury-securities-group-berhad
GREATEC,0208,"Technology EquipmentTechnology, Main Market",2.700,0.02,0.7%,1.450-2.930,"62,333",3.36,0,0.422,80.34,0.00,7.96,6.40,6789.27,https://www.klsescreener.com/v2/stocks/view/0208/greatech-technology-berhad
OFI,7107,"Food & BeveragesConsumer Products & Services, Main Market",1.000,0,0%,0.980-1.440,202,9.94,4,1.25,10.06,4.00,7.95,0.80,240.00,https://www.klsescreener.com/v2/stocks/view/7107/oriental-food-industries-holdings-berhad
AJI,2658,"Food & BeveragesConsumer Products & Services, Main Market",19.640,0.02,0.1%,11.920-19.700,390,115.96,0,14.65,16.94,0.00,7.92,1.34,1194.08,https://www.klsescreener.com/v2/stocks/view/2658/ajinomoto-malaysia-berhad
AGRICOR,0309,"Food & BeveragesConsumer Products & Services, Ace Market",0.385,0,0%,0.365-0.480,0,2.12,1.3,0.27,18.16,3.38,7.85,1.43,78.08,https://www.klsescreener.com/v2/stocks/view/0309/agricore-cs-holdings-berhad
GOHUB,0311,"SoftwareTechnology, Ace Market",1.180,0,0%,0.450-1.420,563,1.64,0,0.21,72.11,0.00,7.79,5.62,519.20,https://www.klsescreener.com/v2/stocks/view/0311/go-hub-capital-berhad
MULPHA,3905,"Travel, Leisure & HospitalityConsumer Products & Services, Main Market",2.740,0.08,3%,2.650-3.040,1,102.11,0,13.12,2.68,0.00,7.78,0.21,852.63,https://www.klsescreener.com/v2/stocks/view/3905/mulpha-international-bhd
MAXLAND,7123,"Wood & Wood ProductsIndustrial Products & Services, Main Market",0.030,0,0%,0.025-0.045,825,0.85,0,0.11,3.51,0.00,7.76,0.27,48.11,https://www.klsescreener.com/v2/stocks/view/7123/maxland-berhad
RHONEMA,5278,"Agricultural ProductsConsumer Products & Services, Main Market",0.670,0,0%,0.620-0.725,200,6.43,2.5,0.83,10.41,3.73,7.75,0.81,150.30,https://www.klsescreener.com/v2/stocks/view/5278/rhone-ma-holdings-berhad
ANALABS,7083,"Industrial ServicesIndustrial Products & Services, Main Market",1.720,0,0%,1.600-1.880,0,41.81,0,5.4,4.11,0.00,7.74,0.32,206.48,https://www.klsescreener.com/v2/stocks/view/7083/analabs-resources-berhad
CENSOF,5195,"SoftwareTechnology, Main Market",0.230,-0.01,-4.2%,0.160-0.255,"113,645",1.53,0.5,0.198,15.00,2.17,7.73,1.16,127.02,https://www.klsescreener.com/v2/stocks/view/5195/censof-holdings-berhad
YTL,4677,"Gas, Water & Multi-UtilitiesUtilities, Main Market",2.160,0.02,0.9%,1.580-2.720,"158,206",12.19,6,1.58,17.72,2.78,7.72,1.37,25476.32,https://www.klsescreener.com/v2/stocks/view/4677/ytl-corporation-berhad
AAI,03067,"Packaging MaterialsIndustrial Products & Services, Leap Market",0.230,0,0%,0.190-0.230,0,3.08,0.36,0.2,7.46,1.57,7.71,1.15,41.59,https://www.klsescreener.com/v2/stocks/view/03067/associated-air-pak-industries-berhad
LAYHONG,9385,"Agricultural ProductsConsumer Products & Services, Main Market",0.240,0,0%,0.220-0.325,"3,194",8.52,0.4,1.11,2.82,1.67,7.67,0.22,182.27,https://www.klsescreener.com/v2/stocks/view/9385/lay-hong-berhad
JFTECH,0146,"Technology EquipmentTechnology, Main Market",0.775,0.015,2%,0.425-0.815,"25,663",1.24,0.5,0.162,62.49,0.65,7.66,4.79,751.77,https://www.klsescreener.com/v2/stocks/view/0146/jf-technology-berhad
ASTINO,7162,"Building MaterialsIndustrial Products & Services, Main Market",0.470,-0.005,-1.1%,0.470-0.540,"3,565",10.06,1,1.32,4.67,2.13,7.62,0.36,231.90,https://www.klsescreener.com/v2/stocks/view/7162/astino-berhad
PTRANS,0186,"Travel, Leisure & HospitalityConsumer Products & Services, Main Market",0.170,-0.005,-2.9%,0.160-0.675,"30,939",5.64,1.5,0.74,3.02,8.82,7.62,0.23,210.20,https://www.klsescreener.com/v2/stocks/view/0186/perak-transit-berhad
UOADEV,5200,"PropertyProperty, Main Market",1.500,0,0%,1.490-1.950,"2,460",16.57,10,2.18,9.05,6.67,7.60,0.69,4035.81,https://www.klsescreener.com/v2/stocks/view/5200/uoa-development-bhd
SEMICO,0388,"Consumer ServicesConsumer Products & Services, Ace Market",0.620,0.005,0.8%,0.290-0.625,"43,082",0.83,0.9,0.109,74.95,1.45,7.60,5.69,223.20,https://www.klsescreener.com/v2/stocks/view/0388/semico-capital-berhad
PCCS,6068,"Personal GoodsConsumer Products & Services, Main Market",0.285,0,0%,0.240-0.335,275,6.56,1,0.864,4.35,3.51,7.59,0.33,63.56,https://www.klsescreener.com/v2/stocks/view/6068/pccs-group-berhad
HOMERIZ,5160,"Houshold GoodsConsumer Products & Services, Main Market",0.400,0,0%,0.335-0.550,0,5.37,0,0.71,7.45,0.00,7.56,0.56,185.30,https://www.klsescreener.com/v2/stocks/view/5160/homeritz-corporation-berhad
LEESK,8079,"Houshold GoodsConsumer Products & Services, Main Market",0.265,0,0%,0.250-0.500,0,2.34,1.5,0.31,11.31,5.66,7.56,0.85,66.71,https://www.klsescreener.com/v2/stocks/view/8079/lee-swee-kiat-group-berhad
YTLPOWR,6742,"Gas, Water & Multi-UtilitiesUtilities, Main Market",5.700,0.14,2.5%,2.510-6.020,"116,754",19.19,8,2.55,29.70,1.40,7.53,2.24,50082.92,https://www.klsescreener.com/v2/stocks/view/6742/ytl-power-international-bhd
ESCERAM,0100,"Industrial Materials, Components & EquipmentIndustrial Products & Services, Ace Market",0.185,0,0%,0.090-0.200,"4,940",2.18,0.5,0.29,8.48,2.70,7.53,0.64,130.82,https://www.klsescreener.com/v2/stocks/view/0100/es-ceramics-technology-bhd
REDTONE,0032,"Telecommunications Service ProvidersTelecommunications & Media, Main Market",0.350,0.01,2.9%,0.285-0.535,"5,547",2.42,2,0.322,14.45,5.71,7.52,1.09,273.86,https://www.klsescreener.com/v2/stocks/view/0032/redtone-digital-berhad
LTKM,7085,"Agricultural ProductsConsumer Products & Services, Main Market",1.050,0,0%,0.955-1.590,0,19.61,4,2.611,5.35,3.81,7.51,0.40,150.27,https://www.klsescreener.com/v2/stocks/view/7085/ltkm-berhad
CSCSTEL,5094,"MetalsIndustrial Products & Services, Main Market",1.220,0,0%,1.140-1.590,"2,433",18.71,14.1,2.5,6.52,11.56,7.48,0.49,463.60,https://www.klsescreener.com/v2/stocks/view/5094/csc-steel-holdings-berhad
TECHSTORE,0343,"SoftwareTechnology, Ace Market",0.180,0,0%,0.155-0.345,"4,406",1.04,0.25,0.139,17.31,1.39,7.48,1.29,90.00,https://www.klsescreener.com/v2/stocks/view/0343/techstore-berhad
ASIAPAC,4057,"PropertyProperty, Main Market",0.115,0,0%,0.095-0.145,"8,151",6.60,0,0.885,1.74,0.00,7.46,0.13,171.22,https://www.klsescreener.com/v2/stocks/view/4057/asian-pac-holdings-berhad
VERSATL,4995,"RetailersConsumer Products & Services, Main Market",0.850,-0.01,-1.2%,0.750-1.050,406,3.42,0,0.46,24.83,0.00,7.44,1.85,238.08,https://www.klsescreener.com/v2/stocks/view/4995/versatile-creative-berhad
AEON,6599,"RetailersConsumer Products & Services, Main Market",0.965,0.03,3.2%,0.915-1.350,"7,704",10.78,4.5,1.452,8.95,4.66,7.42,0.66,1354.86,https://www.klsescreener.com/v2/stocks/view/6599/aeon-co-m-bhd
PTARAS,9598,"ConstructionConstruction, Main Market",1.240,0.01,0.8%,1.190-1.600,209,18.41,6,2.48,6.74,4.84,7.42,0.50,205.67,https://www.klsescreener.com/v2/stocks/view/9598/pintaras-jaya-bhd
CAMRES,7128,"Houshold GoodsConsumer Products & Services, Main Market",0.250,-0.015,-5.7%,0.230-0.355,"3,156",6.82,0,0.92,3.66,0.00,7.42,0.27,49.20,https://www.klsescreener.com/v2/stocks/view/7128/cam-resources-bhd
CHUAN,7016,"Building MaterialsIndustrial Products & Services, Main Market",0.320,0.01,3.2%,0.185-0.350,183,15.55,0,2.1,2.06,0.00,7.40,0.15,53.97,https://www.klsescreener.com/v2/stocks/view/7016/chuan-huat-resources-bhd
MANULFE,1058,"InsuranceFinancial Services, Main Market",2.380,-0.04,-1.7%,2.060-2.630,33,47.82,9,6.47,4.98,3.78,7.39,0.37,569.63,https://www.klsescreener.com/v2/stocks/view/1058/manulife-holdings-berhad
OXB,0368,"Industrial Materials, Components & EquipmentIndustrial Products & Services, Ace Market",0.550,0.005,0.9%,0.205-0.555,"32,936",1.36,0.5,0.185,40.48,0.91,7.36,2.98,390.50,https://www.klsescreener.com/v2/stocks/view/0368/oxford-innotech-berhad
YTLREIT,5109,"Real Estate Investment TrustsReal Estate Investment Trusts, Main Market",0.975,0.01,1%,0.960-1.200,"2,055",13.42,7.99,1.827,7.27,8.19,7.34,0.53,1749.53,https://www.klsescreener.com/v2/stocks/view/5109/ytl-hospitality-reit
EDEN,7471,"Renewable Energy ElectricityUtilities, Main Market",0.155,0,0%,0.145-0.185,"1,093",5.59,0,0.77,2.77,0.00,7.26,0.20,78.33,https://www.klsescreener.com/v2/stocks/view/7471/eden-inc-bhd
DPIH,0205,"Houshold GoodsConsumer Products & Services, Ace Market",0.110,0,0%,0.090-0.130,746,0.94,0.2,0.13,11.74,1.82,7.21,0.85,80.31,https://www.klsescreener.com/v2/stocks/view/0205/dpi-holdings-berhad
AMBEST,0391,"Industrial Materials, Components & EquipmentIndustrial Products & Services, Ace Market",1.340,0,0%,0.260-1.550,"17,203",1.25,0,0.13,107.43,0.00,7.20,10.31,683.40,https://www.klsescreener.com/v2/stocks/view/0391/ambest-group-berhad
IHH,5225,"Health Care ProvidersHealth Care, Main Market",7.900,0.02,0.3%,7.540-9.580,"20,653",25.41,10.5,3.54,31.09,1.33,7.18,2.23,69805.61,https://www.klsescreener.com/v2/stocks/view/5225/ihh-healthcare-berhad
OCK,0172,"Telecommunications Service ProvidersTelecommunications & Media, Main Market",0.460,0.015,3.4%,0.335-0.515,"28,880",4.30,0.5,0.6,10.69,1.09,7.17,0.77,499.52,https://www.klsescreener.com/v2/stocks/view/0172/ock-group-berhad
DSS,0269,"Packaging MaterialsIndustrial Products & Services, Main Market",0.230,-0.005,-2.1%,0.230-0.290,"2,685",1.84,1,0.26,12.47,4.35,7.09,0.88,110.40,https://www.klsescreener.com/v2/stocks/view/0269/ds-sigma-holdings-berhad
OKA,7140,"Building MaterialsIndustrial Products & Services, Main Market",0.510,-0.02,-3.8%,0.410-0.575,721,5.87,2.7,0.83,8.68,5.29,7.08,0.61,125.15,https://www.klsescreener.com/v2/stocks/view/7140/oka-corporation-bhd
WANGZNG,7203,"Houshold GoodsConsumer Products & Services, Main Market",0.395,0,0%,0.310-0.480,2,9.13,0,1.29,4.33,0.00,7.08,0.31,63.45,https://www.klsescreener.com/v2/stocks/view/7203/wang-zheng-bhd
MJPERAK,8141,"PropertyProperty, Main Market",0.175,0,0%,0.110-0.325,0,4.95,0,0.7,3.54,0.00,7.07,0.25,49.77,https://www.klsescreener.com/v2/stocks/view/8141/majuperak-holdings-berhad
UNIPAC,0468,"Energy, Infrastructure, Equipment & ServicesEnergy, Ace Market",0.250,0,0%,0.225-0.350,"48,187",2.97,0,0.105,8.43,0.00,7.06,2.38,137.50,https://www.klsescreener.com/v2/stocks/view/0468/united-asiapac-energy-berhad
TSA,0297,"MetalsIndustrial Products & Services, Ace Market",0.925,0,0%,0.710-0.935,0,4.22,4,0.6,21.92,4.32,7.03,1.54,286.10,https://www.klsescreener.com/v2/stocks/view/0297/tsa-group-berhad
BENTLEY,03068,"RetailersConsumer Products & Services, Leap Market",0.180,0,0%,0.150-0.180,0,1.08,0,0.077,16.63,0.00,6.99,2.33,45.00,https://www.klsescreener.com/v2/stocks/view/03068/bentley-music-group-berhad
TECHBND,5289,"ChemicalsIndustrial Products & Services, Main Market",0.290,0,0%,0.260-0.330,910,2.52,0.75,0.36,11.53,2.59,6.99,0.81,220.02,https://www.klsescreener.com/v2/stocks/view/5289/techbond-group-berhad
TPC,7176,"Agricultural ProductsConsumer Products & Services, Main Market",0.290,0,0%,0.245-0.360,0,3.07,0.5,0.44,9.43,1.72,6.99,0.66,89.39,https://www.klsescreener.com/v2/stocks/view/7176/tpc-plus-bhd
PENTECH,0457,"Digital ServicesTechnology, Ace Market",0.360,0.01,2.9%,0.250-0.385,"45,568",1.53,0.5,0.11,23.47,1.39,6.97,3.27,223.20,https://www.klsescreener.com/v2/stocks/view/0457/pentech-holdings-berhad
RSSB,9776,"Agricultural ProductsConsumer Products & Services, Main Market",0.325,-0.005,-1.5%,0.105-0.420,"1,050",0.83,0,0.12,39.05,0.00,6.96,2.72,169.80,https://www.klsescreener.com/v2/stocks/view/9776/rivertree-stf-synergies-berhad
CUSCAPI,0051,"SoftwareTechnology, Main Market",0.045,0,0%,0.035-0.155,"3,752",0.43,0,0.062,10.46,0.00,6.94,0.73,42.52,https://www.klsescreener.com/v2/stocks/view/0051/cuscapi-berhad
BIG,7005,"Diversified IndustrialsIndustrial Products & Services, Main Market",0.540,0.005,0.9%,0.495-0.750,170,5.90,0,0.85,9.16,0.00,6.94,0.64,34.28,https://www.klsescreener.com/v2/stocks/view/7005/b-i-g-industries-bhd
DANCO,5276,"Industrial Materials, Components & EquipmentIndustrial Products & Services, Main Market",0.325,0,0%,0.315-0.425,737,3.60,2,0.52,9.02,6.15,6.93,0.62,143.83,https://www.klsescreener.com/v2/stocks/view/5276/dancomech-holdings-berhad
CIHLDG,2828,"Food & BeveragesConsumer Products & Services, Main Market",2.100,0.03,1.4%,2.000-2.800,239,20.89,15,3.02,10.05,7.14,6.92,0.70,340.20,https://www.klsescreener.com/v2/stocks/view/2828/c-i-holdings-berhad
MISC,3816,"Transportation & Logistics ServicesTransportation & Logistics, Main Market",7.590,0.05,0.7%,7.120-9.040,"17,272",54.34,38,7.86,13.97,5.01,6.91,0.97,33880.19,https://www.klsescreener.com/v2/stocks/view/3816/misc-berhad
PMW,0379,"Industrial ServicesIndustrial Products & Services, Ace Market",0.295,0.015,5.4%,0.215-0.365,"9,278",1.38,0.3,0.2,21.45,1.02,6.88,1.47,263.16,https://www.klsescreener.com/v2/stocks/view/0379/pmw-international-berhad
BIMB,5258,"BankingFinancial Services, Main Market",2.020,0.01,0.5%,2.000-2.550,"6,337",24.64,14.45,3.59,8.20,7.15,6.86,0.56,4578.28,https://www.klsescreener.com/v2/stocks/view/5258/bank-islam-malaysia-berhad
SLP,7248,"Packaging MaterialsIndustrial Products & Services, Main Market",0.860,0,0%,0.700-0.955,0,3.80,4.75,0.554,22.64,5.52,6.86,1.55,272.59,https://www.klsescreener.com/v2/stocks/view/7248/slp-resources-berhad
RESINTC,7232,"Building MaterialsIndustrial Products & Services, Main Market",0.460,0.015,3.4%,0.410-0.620,104,7.90,2,1.154,5.82,4.35,6.84,0.40,91.42,https://www.klsescreener.com/v2/stocks/view/7232/resintech-berhad
OCB,5533,"Food & BeveragesConsumer Products & Services, Main Market",0.810,0,0%,0.700-1.000,0,13.57,3.5,1.99,5.97,4.32,6.82,0.41,83.31,https://www.klsescreener.com/v2/stocks/view/5533/ocb-berhad
MAGNA,7617,"PropertyProperty, Main Market",0.720,0.02,2.9%,0.575-0.880,"1,917",5.72,0,0.84,12.59,0.00,6.81,0.86,289.04,https://www.klsescreener.com/v2/stocks/view/7617/magna-prima-berhad
NGGB,7241,"Industrial ServicesIndustrial Products & Services, Main Market",0.760,0.005,0.7%,0.675-0.830,"3,338",3.19,0,0.47,23.84,0.00,6.78,1.62,830.99,https://www.klsescreener.com/v2/stocks/view/7241/nextgreen-global-berhad
SIMEPROP,5288,"PropertyProperty, Main Market",1.260,0.05,4.1%,1.190-1.560,"42,994",10.83,3.2,1.6,11.63,2.54,6.77,0.79,8569.06,https://www.klsescreener.com/v2/stocks/view/5288/sime-darby-property-berhad
DENGKIL,0347,"ConstructionConstruction, Ace Market",0.135,0,0%,0.115-0.245,490,1.35,0,0.2,9.97,0.00,6.77,0.68,72.92,https://www.klsescreener.com/v2/stocks/view/0347/wawasan-dengkil-holdings-berhad
AMTEL,7031,"Telecommunications EquipmentTelecommunications & Media, Main Market",0.305,0,0%,0.305-0.495,200,6.06,0,0.897,5.03,0.00,6.76,0.34,29.98,https://www.klsescreener.com/v2/stocks/view/7031/amtel-holdings-berhad
AMS,0399,"MetalsIndustrial Products & Services, Ace Market",0.475,0,0%,0.275-0.510,"16,073",1.08,0.4,0.12,43.96,0.84,6.75,3.96,290.70,https://www.klsescreener.com/v2/stocks/view/0399/ams-advanced-material-berhad
MYTECH,7692,"MetalsIndustrial Products & Services, Main Market",0.240,0,0%,0.225-0.400,620,1.55,0,0.23,15.49,0.00,6.74,1.04,59.07,https://www.klsescreener.com/v2/stocks/view/7692/mytech-group-berhad
INSAS,3379,"Other FinancialsFinancial Services, Main Market",0.890,0.005,0.6%,0.820-0.970,"1,188",25.69,3,3.82,3.46,3.37,6.73,0.23,644.20,https://www.klsescreener.com/v2/stocks/view/3379/insas-berhad
SUNMED,5555,"Health Care ProvidersHealth Care, Main Market",2.130,0.03,1.4%,1.690-2.460,"67,508",2.59,0,0.29,82.10,0.00,6.71,7.34,24506.57,https://www.klsescreener.com/v2/stocks/view/5555/sunway-healthcare-holdings-berhad
DOMINAN,7169,"Wood & Wood ProductsIndustrial Products & Services, Main Market",0.740,0,0%,0.680-0.820,0,17.06,4,2.56,4.34,5.41,6.66,0.29,122.28,https://www.klsescreener.com/v2/stocks/view/7169/dominant-enterprise-berhad
SAB,5134,"ChemicalsIndustrial Products & Services, Main Market",3.070,0.04,1.3%,2.990-3.500,12,38.14,5,5.74,8.05,1.63,6.64,0.53,420.39,https://www.klsescreener.com/v2/stocks/view/5134/southern-acids-m-berhad
SCB,0316,"Food & BeveragesConsumer Products & Services, Ace Market",0.115,0,0%,0.110-0.150,4,1.19,0.3,0.18,9.67,2.61,6.60,0.64,30.59,https://www.klsescreener.com/v2/stocks/view/0316/sik-cheong-berhad
MAHSING,8583,"PropertyProperty, Main Market",0.955,0.01,1.1%,0.925-1.240,"57,225",10.49,5,1.59,9.10,5.24,6.60,0.60,2444.93,https://www.klsescreener.com/v2/stocks/view/8583/mah-sing-group-berhad
AIMFLEX,0209,"Technology EquipmentTechnology, Ace Market",0.110,0,0%,0.065-0.145,"47,805",0.66,0,0.1,16.68,0.00,6.59,1.10,162.02,https://www.klsescreener.com/v2/stocks/view/0209/aimflex-berhad
PJBUMI,7163,"Industrial ServicesIndustrial Products & Services, Main Market",4.210,0.01,0.2%,1.120-4.300,"5,520",1.77,0,0.27,237.59,0.00,6.56,15.59,345.22,https://www.klsescreener.com/v2/stocks/view/7163/pjbumi-berhad
AMLEX,03011,"SemiconductorsTechnology, Leap Market",0.150,0,0%,0.080-0.220,0,1.25,0.12,0.191,12.03,0.80,6.53,0.79,40.22,https://www.klsescreener.com/v2/stocks/view/03011/amlex-holdings-berhad
JAGCPTL,6874,"Industrial ServicesIndustrial Products & Services, Main Market",0.840,0.01,1.2%,0.760-1.180,440,8.02,4,1.23,10.48,4.76,6.52,0.68,468.10,https://www.klsescreener.com/v2/stocks/view/6874/jag-capital-berhad
SUMI,0349,"ChemicalsIndustrial Products & Services, Ace Market",0.095,-0.005,-5%,0.080-0.130,"1,092",0.78,0.2,0.12,12.15,2.11,6.52,0.79,137.14,https://www.klsescreener.com/v2/stocks/view/0349/sumisaujana-group-berhad
BLDPLNT,5069,"PlantationPlantation, Main Market",14.980,0.12,0.8%,10.760-16.500,7,61.04,4,9.41,24.54,0.27,6.49,1.59,1400.63,https://www.klsescreener.com/v2/stocks/view/5069/bld-plantation-bhd
PANSAR,8419,"Building MaterialsIndustrial Products & Services, Main Market",0.455,-0.005,-1.1%,0.415-0.560,"2,242",3.42,0.25,0.53,13.29,0.55,6.46,0.86,318.05,https://www.klsescreener.com/v2/stocks/view/8419/pansar-berhad
MAGNUM,3859,"Travel, Leisure & HospitalityConsumer Products & Services, Main Market",1.190,0,0%,1.170-1.420,"2,631",11.53,9,1.79,10.32,7.56,6.44,0.66,1710.92,https://www.klsescreener.com/v2/stocks/view/3859/magnum-berhad
TGL,9369,"Personal GoodsConsumer Products & Services, Main Market",0.810,-0.01,-1.2%,0.790-1.090,71,9.78,5,1.52,8.28,6.17,6.44,0.53,72.43,https://www.klsescreener.com/v2/stocks/view/9369/teo-guan-lee-corporation-bhd
GDGROUP,0398,"Travel, Leisure & HospitalityConsumer Products & Services, Ace Market",0.380,-0.005,-1.3%,0.320-0.495,"1,605",1.67,2.5,0.13,22.71,6.58,6.43,2.92,380.00,https://www.klsescreener.com/v2/stocks/view/0398/golden-destinations-group-berhad
UNITRAD,0247,"Building MaterialsIndustrial Products & Services, Ace Market",0.235,0,0%,0.200-0.265,135,1.48,0.1,0.23,15.91,0.43,6.42,1.02,383.22,https://www.klsescreener.com/v2/stocks/view/0247/unitrade-industries-berhad
SUNZEN,0148,"Agricultural ProductsConsumer Products & Services, Ace Market",0.225,0,0%,0.215-0.295,80,1.28,0.2,0.2,17.54,0.89,6.41,1.12,180.49,https://www.klsescreener.com/v2/stocks/view/0148/sunzen-group-berhad
YSPSAH,7178,"PharmaceuticalsHealth Care, Main Market",1.960,0.03,1.6%,1.910-2.200,105,19.04,11,2.99,10.29,5.61,6.37,0.66,278.02,https://www.klsescreener.com/v2/stocks/view/7178/y-s-p-southeast-asia-holding-berhad
SKYGATE,7249,"PropertyProperty, Main Market",0.865,0.015,1.8%,0.530-0.985,"4,195",5.85,0,0.92,14.79,0.00,6.36,0.94,319.25,https://www.klsescreener.com/v2/stocks/view/7249/skygate-solutions-berhad
MSB,0350,"Auto PartsIndustrial Products & Services, Ace Market",0.090,0,0%,0.070-0.140,811,0.76,0,0.12,11.88,0.00,6.32,0.75,54.90,https://www.klsescreener.com/v2/stocks/view/0350/msb-global-group-berhad
GENP,2291,"PlantationPlantation, Main Market",5.590,-0.15,-2.6%,4.820-6.130,340,34.50,28,5.47,16.20,5.01,6.31,1.02,5016.23,https://www.klsescreener.com/v2/stocks/view/2291/genting-plantations-berhad
BMS,0385,"RetailersConsumer Products & Services, Ace Market",0.130,0,0%,0.125-0.215,740,1.12,0.34,0.18,11.63,2.62,6.21,0.72,200.20,https://www.klsescreener.com/v2/stocks/view/0385/bms-holdings-berhad
HSPLANT,5138,"PlantationPlantation, Main Market",2.330,0.01,0.4%,1.980-2.660,"2,811",16.50,7.6,2.66,14.12,3.26,6.20,0.88,1864.00,https://www.klsescreener.com/v2/stocks/view/5138/hap-seng-plantations-holdings
CARLORINO,0335,"Personal GoodsConsumer Products & Services, Ace Market",0.165,0,0%,0.160-0.290,414,2.02,1.5,0.326,8.17,9.09,6.20,0.51,80.65,https://www.klsescreener.com/v2/stocks/view/0335/carlo-rino-group-berhad
KTC,0180,"Consumer ServicesConsumer Products & Services, Main Market",0.135,0,0%,0.120-0.175,"1,900",2.47,0,0.4,5.47,0.00,6.17,0.34,92.05,https://www.klsescreener.com/v2/stocks/view/0180/kim-teck-cheong-consolidated-berhad
HARNLEN,7501,"PlantationPlantation, Main Market",0.430,-0.02,-4.4%,0.410-0.721,"4,964",3.61,4.5,0.585,11.92,10.47,6.17,0.74,306.07,https://www.klsescreener.com/v2/stocks/view/7501/harn-len-corporation-bhd
TEXCHEM,8702,"Diversified IndustrialsIndustrial Products & Services, Main Market",0.910,0,0%,0.700-1.140,"1,403",10.19,0,1.657,8.93,0.00,6.15,0.55,106.20,https://www.klsescreener.com/v2/stocks/view/8702/texchem-resources-bhd
KRETAM,1996,"PlantationPlantation, Main Market",0.650,0.01,1.6%,0.580-0.700,"2,211",2.80,1,0.455,23.25,1.54,6.14,1.43,1512.96,https://www.klsescreener.com/v2/stocks/view/1996/kretam-holdings-berhad
HAPSENG,3034,"Diversified IndustrialsIndustrial Products & Services, Main Market",2.680,0.03,1.1%,2.620-3.160,"1,098",19.47,20,3.17,13.76,7.46,6.14,0.85,6672.35,https://www.klsescreener.com/v2/stocks/view/3034/hap-seng-consolidated-berhad
INFOTEC,0253,"Digital ServicesTechnology, Main Market",0.235,0.01,4.4%,0.220-0.490,"1,292",1.04,0.23,0.17,22.51,0.98,6.14,1.38,85.36,https://www.klsescreener.com/v2/stocks/view/0253/infoline-tec-group-berhad
HIL,8443,"ChemicalsIndustrial Products & Services, Main Market",0.660,0.05,8.2%,0.580-0.750,579,9.33,2.5,1.52,7.08,3.79,6.14,0.43,220.46,https://www.klsescreener.com/v2/stocks/view/8443/hil-industries-bhd
CEPAT,8982,"PlantationPlantation, Main Market",0.775,0,0%,0.710-0.860,0,8.24,5,1.35,9.41,6.45,6.10,0.57,246.80,https://www.klsescreener.com/v2/stocks/view/8982/cepatwawasan-group-berhad
PLENITU,5075,"PropertyProperty, Main Market",1.500,-0.01,-0.7%,1.460-2.150,12,30.51,6,5.01,4.92,4.00,6.09,0.30,572.30,https://www.klsescreener.com/v2/stocks/view/5075/plenitude-bhd
NSOP,2038,"PlantationPlantation, Main Market",5.290,-0.16,-2.9%,5.030-6.100,90,61.30,26,10.1,8.63,4.91,6.07,0.52,371.37,https://www.klsescreener.com/v2/stocks/view/2038/negri-sembilan-oil-palms-berhad
JTIASA,4383,"PlantationPlantation, Main Market",0.925,-0.005,-0.5%,0.915-1.270,"10,101",10.49,5,1.73,8.82,5.41,6.06,0.53,900.69,https://www.klsescreener.com/v2/stocks/view/4383/jaya-tiasa-holdings-bhd
TOPGLOV,7113,"Health Care Equipment & ServicesHealth Care, Main Market",0.845,-0.03,-3.4%,0.530-0.950,"626,265",3.75,1.5,0.62,22.55,1.78,6.04,1.36,6944.13,https://www.klsescreener.com/v2/stocks/view/7113/top-glove-corporation-bhd
CLMT,5180,"Real Estate Investment TrustsReal Estate Investment Trusts, Main Market",0.555,0.005,0.9%,0.550-0.700,"23,952",5.80,4.84,0.96,9.58,8.72,6.04,0.58,1904.85,https://www.klsescreener.com/v2/stocks/view/5180/capitaland-malaysia-trust
INGENIEU,5178,"MetalsIndustrial Products & Services, Main Market",0.030,0,0%,0.020-0.045,"2,001",0.80,0,0.134,3.74,0.00,5.97,0.22,45.50,https://www.klsescreener.com/v2/stocks/view/5178/ingenieur-gudang-berhad
TDM,2054,"PlantationPlantation, Main Market",0.205,0,0%,0.170-0.250,"1,299",2.39,0.32,0.4,8.58,1.56,5.97,0.51,353.19,https://www.klsescreener.com/v2/stocks/view/2054/tdm-berhad
BIPORT,5032,"Transportation & Logistics ServicesTransportation & Logistics, Main Market",5.200,0,0%,5.000-5.700,30,25.86,15,4.333,20.11,2.88,5.97,1.20,2392.00,https://www.klsescreener.com/v2/stocks/view/5032/bintulu-port-holdings-bhd
HOCKSOON,5346,"Agricultural ProductsConsumer Products & Services, Main Market",0.220,-0.015,-6.4%,0.215-0.560,"15,613",3.41,0,0.43,6.44,0.00,5.95,0.51,110.00,https://www.klsescreener.com/v2/stocks/view/5346/hock-soon-capital-berhad
HLCAP,5274,"Other FinancialsFinancial Services, Main Market",3.000,0,0%,2.970-3.760,608,26.56,18,4.47,11.30,6.00,5.94,0.67,740.69,https://www.klsescreener.com/v2/stocks/view/5274/hong-leong-capital-berhad
MINOX,0288,"Industrial Materials, Components & EquipmentIndustrial Products & Services, Ace Market",0.155,-0.005,-3.1%,0.130-0.235,"4,322",1.25,0.25,0.21,12.43,1.61,5.93,0.74,55.80,https://www.klsescreener.com/v2/stocks/view/0288/minox-international-group-berhad
MMCS,0456,"Technology EquipmentTechnology, Ace Market",0.345,0.01,3%,0.215-0.455,"14,389",1.18,0,0.1,29.19,0.00,5.91,3.45,195.61,https://www.klsescreener.com/v2/stocks/view/0456/mm-computer-systems-berhad
LBS,5789,"PropertyProperty, Main Market",0.380,0,0%,0.370-0.520,"13,342",6.49,3.3,1.1,5.85,8.68,5.90,0.35,596.69,https://www.klsescreener.com/v2/stocks/view/5789/lbs-bina-group-berhad
SSF,0287,"RetailersConsumer Products & Services, Ace Market",0.350,-0.005,-1.4%,0.300-0.420,"6,150",1.30,0.5,0.22,26.96,1.43,5.90,1.59,280.00,https://www.klsescreener.com/v2/stocks/view/0287/ssf-home-group-berhad
NCT,0056,"PropertyProperty, Main Market",0.560,-0.01,-1.8%,0.490-0.650,"23,591",2.27,0,0.389,24.65,0.00,5.85,1.44,1193.67,https://www.klsescreener.com/v2/stocks/view/0056/nct-alliance-berhad
UOAREIT,5110,"Real Estate Investment TrustsReal Estate Investment Trusts, Main Market",0.825,0,0%,0.785-0.890,"1,369",8.35,6.95,1.429,9.88,8.42,5.84,0.58,557.37,https://www.klsescreener.com/v2/stocks/view/5110/uoa-real-estate-investment-trust
ELKDESA,5228,"Other FinancialsFinancial Services, Main Market",0.970,-0.005,-0.5%,0.970-1.130,"1,320",6.42,4.5,1.1,15.11,4.64,5.84,0.88,441.16,https://www.klsescreener.com/v2/stocks/view/5228/elk-desa-resources-berhad
JKGLAND,6769,"PropertyProperty, Main Market",0.100,-0.005,-4.8%,0.095-0.120,300,1.69,0,0.29,5.91,0.00,5.83,0.34,227.49,https://www.klsescreener.com/v2/stocks/view/6769/jkg-land-berhad
FAVCO,7229,"Industrial EngineeringIndustrial Products & Services, Main Market",1.530,0,0%,1.500-1.760,219,20.00,9,3.43,7.65,5.88,5.83,0.45,366.44,https://www.klsescreener.com/v2/stocks/view/7229/favelle-favco-berhad
CNERGEN,0246,"Technology EquipmentTechnology, Main Market",1.220,0.01,0.8%,0.320-1.280,"66,965",1.92,0,0.33,63.57,0.00,5.82,3.70,610.97,https://www.klsescreener.com/v2/stocks/view/0246/cnergenz-berhad
ARK,7007,"PropertyProperty, Main Market",0.205,0,0%,0.185-0.290,0,1.67,0,0.29,12.26,0.00,5.76,0.71,20.40,https://www.klsescreener.com/v2/stocks/view/7007/ark-resources-holdings-berhad
IDEAL,9687,"PropertyProperty, Main Market",1.100,0,0%,1.100-1.413,0,10.57,1,1.836,10.40,0.91,5.76,0.60,1650.00,https://www.klsescreener.com/v2/stocks/view/9687/ideal-capital-berhad
SCOMNET,0001,"Health Care Equipment & ServicesHealth Care, Main Market",0.495,0,0%,0.395-0.860,"2,268",2.93,2.1,0.51,16.87,4.24,5.75,0.97,426.00,https://www.klsescreener.com/v2/stocks/view/0001/supercomnet-technologies-bhd
PRESTAR,9873,"MetalsIndustrial Products & Services, Main Market",0.290,0.005,1.8%,0.280-0.335,"6,656",7.53,0.75,1.31,3.85,2.59,5.75,0.22,104.57,https://www.klsescreener.com/v2/stocks/view/9873/prestar-resources-bhd
BINTAI,6998,"Industrial EngineeringIndustrial Products & Services, Main Market",0.080,0.005,6.7%,0.060-0.120,"44,841",0.48,0,0.083,16.74,0.00,5.75,0.96,134.71,https://www.klsescreener.com/v2/stocks/view/6998/bintai-kinden-corporation-berhad
BCB,6602,"PropertyProperty, Main Market",0.245,0.015,6.5%,0.220-0.290,110,7.94,0,1.39,3.08,0.00,5.71,0.18,101.06,https://www.klsescreener.com/v2/stocks/view/6602/bcb-berhad
VELESTO,5243,"Energy, Infrastructure, Equipment & ServicesEnergy, Main Market",0.215,0,0%,0.205-0.365,"13,719",1.54,1,0.27,13.93,4.65,5.71,0.80,1776.93,https://www.klsescreener.com/v2/stocks/view/5243/velesto-energy-berhad
SAPIND,7811,"Auto PartsIndustrial Products & Services, Main Market",0.835,0.025,3.1%,0.770-0.855,37,9.52,4,1.67,8.77,4.79,5.70,0.50,60.77,https://www.klsescreener.com/v2/stocks/view/7811/sapura-industrial-berhad
TELADAN,0230,"PropertyProperty, Main Market",0.580,0.005,0.9%,0.570-0.890,"1,139",3.99,1,0.7,14.55,1.72,5.70,0.83,502.78,https://www.klsescreener.com/v2/stocks/view/0230/teladan-group-berhad
AXTERIA,7120,"PropertyProperty, Main Market",0.115,0.005,4.5%,0.080-0.180,"1,680",1.14,0,0.2,10.10,0.00,5.69,0.58,90.68,https://www.klsescreener.com/v2/stocks/view/7120/axteria-group-berhad
TASCO,5140,"Transportation & Logistics ServicesTransportation & Logistics, Main Market",0.350,-0.005,-1.4%,0.330-0.540,"14,102",4.60,1.75,0.82,7.61,5.00,5.61,0.43,280.00,https://www.klsescreener.com/v2/stocks/view/5140/tasco-berhad
BIMOFFICE,03069,"Digital ServicesTechnology, Leap Market",0.280,0,0%,0.265-0.295,0,0.67,0,0.03,41.79,0.00,5.58,9.33,56.00,https://www.klsescreener.com/v2/stocks/view/03069/bimoffice-group-berhad
ENEST,0467,"Consumer ServicesConsumer Products & Services, Ace Market",0.090,0,0%,0.080-0.135,"16,738",1.12,0,0.1,8.07,0.00,5.58,0.90,52.31,https://www.klsescreener.com/v2/stocks/view/0467/enest-group-berhad
SEALINK,5145,"Transportation EquipmentTransportation & Logistics, Main Market",0.325,-0.005,-1.5%,0.170-0.385,589,2.58,0,0.467,12.58,0.00,5.53,0.70,162.50,https://www.klsescreener.com/v2/stocks/view/5145/sealink-international-berhad
UNIMECH,7091,"Industrial Materials, Components & EquipmentIndustrial Products & Services, Main Market",1.320,0.02,1.5%,1.280-1.500,151,13.20,5.1,2.4,10.00,3.86,5.50,0.55,199.01,https://www.klsescreener.com/v2/stocks/view/7091/unimech-group-bhd
ARANK,7214,"MetalsIndustrial Products & Services, Main Market",0.370,0,0%,0.365-0.470,100,6.11,2.25,1.11,6.06,6.08,5.50,0.33,66.14,https://www.klsescreener.com/v2/stocks/view/7214/a-rank-berhad
ECOSYS,0477,",",0.270,0,0%,-,0,2.38,0,0.109,11.33,0.00,5.47,2.48,154.27,https://www.klsescreener.com/v2/stocks/view/0477/ecosys-malaysia-berhad
BABA,03012,"Houshold GoodsConsumer Products & Services, Leap Market",0.440,0,0%,0.440-0.440,0,1.46,0.16,0.266,30.20,0.36,5.47,1.65,98.88,https://www.klsescreener.com/v2/stocks/view/03012/baba-eco-group-berhad
NP,03045,"Digital ServicesTechnology, Leap Market",0.275,0,0%,0.275-0.275,0,0.11,0,0.02,251.72,0.00,5.46,13.75,110.00,https://www.klsescreener.com/v2/stocks/view/03045/novelplus-technology-berhad
DCHCARE,0283,"Health Care ProvidersHealth Care, Ace Market",0.090,0,0%,0.085-0.180,"4,444",0.27,0,0.05,32.99,0.00,5.46,1.80,89.67,https://www.klsescreener.com/v2/stocks/view/0283/dc-healthcare-holdings-berhad
KSENG,3476,"Diversified IndustrialsIndustrial Products & Services, Main Market",4.930,-0.01,-0.2%,4.870-5.660,322,44.23,12,8.11,11.15,2.43,5.45,0.61,1782.08,https://www.klsescreener.com/v2/stocks/view/3476/keck-seng-malaysia-berhad
HWATAI,8478,"Food & BeveragesConsumer Products & Services, Main Market",0.340,0,0%,0.335-0.480,7,2.16,0,0.398,15.72,0.00,5.43,0.85,25.44,https://www.klsescreener.com/v2/stocks/view/8478/hwa-tai-industries-bhd
ALAQAR,5116,"Real Estate Investment TrustsReal Estate Investment Trusts, Main Market",1.170,0.02,1.7%,1.080-1.320,518,6.80,7.06,1.254,17.21,6.03,5.42,0.93,982.33,https://www.klsescreener.com/v2/stocks/view/5116/al-aqar-healthcare-reit
CPETECH,5317,"Industrial Materials, Components & EquipmentIndustrial Products & Services, Main Market",1.370,0.04,3%,0.350-1.430,"28,575",2.71,2.5,0.5,50.57,1.82,5.42,2.74,919.70,https://www.klsescreener.com/v2/stocks/view/5317/cpe-technology-berhad
SHANG,5517,"Travel, Leisure & HospitalityConsumer Products & Services, Main Market",1.560,0,0%,1.540-1.930,230,9.58,9,1.77,16.29,5.77,5.41,0.88,686.40,https://www.klsescreener.com/v2/stocks/view/5517/shangri-la-hotels-m-bhd
MARCO,3514,"Personal GoodsConsumer Products & Services, Main Market",0.105,0,0%,0.090-0.120,"1,190",1.06,0,0.2,9.90,0.00,5.30,0.52,110.70,https://www.klsescreener.com/v2/stocks/view/3514/marco-holdings-bhd
JAG,0024,"Industrial ServicesIndustrial Products & Services, Ace Market",0.375,0.005,1.4%,0.260-0.400,"77,401",1.59,0.4,0.302,23.58,1.07,5.27,1.24,288.54,https://www.klsescreener.com/v2/stocks/view/0024/jag-berhad
PWROOT,7237,"Food & BeveragesConsumer Products & Services, Main Market",1.080,-0.01,-0.9%,1.010-1.310,"4,271",3.41,4.25,0.65,31.71,3.94,5.24,1.66,458.51,https://www.klsescreener.com/v2/stocks/view/7237/power-root-berhad
BRIGHT,9938,"Packaging MaterialsIndustrial Products & Services, Main Market",0.160,-0.005,-3%,0.155-0.210,"1,180",3.45,0,0.66,4.63,0.00,5.23,0.24,32.85,https://www.klsescreener.com/v2/stocks/view/9938/bright-packaging-industry-berhad
YBS,0025,"Industrial Materials, Components & EquipmentIndustrial Products & Services, Ace Market",0.250,0,0%,0.150-0.410,575,2.82,0,0.54,8.87,0.00,5.22,0.46,74.43,https://www.klsescreener.com/v2/stocks/view/0025/ybs-international-berhad
FEYTECH,5322,"Auto PartsIndustrial Products & Services, Main Market",0.230,-0.005,-2.1%,0.195-0.335,"20,245",1.62,0.6,0.31,14.24,2.61,5.21,0.74,193.94,https://www.klsescreener.com/v2/stocks/view/5322/feytech-holdings-berhad
GTA,0469,"Industrial ServicesIndustrial Products & Services, Ace Market",0.265,0,0%,0.260-0.375,"26,621",1.25,0,0.06,21.22,0.00,5.20,4.42,342.21,https://www.klsescreener.com/v2/stocks/view/0469/gta-holdings-berhad
HSSEB,0185,"Industrial EngineeringIndustrial Products & Services, Main Market",0.500,0.06,13.6%,0.285-0.625,"26,078",3.17,0,0.61,15.80,0.00,5.19,0.82,254.24,https://www.klsescreener.com/v2/stocks/view/0185/hss-engineers-berhad
TOPVISN,0332,"Health Care ProvidersHealth Care, Ace Market",0.170,0,0%,0.150-0.215,1,0.74,1,0.144,23.10,5.88,5.13,1.18,52.67,https://www.klsescreener.com/v2/stocks/view/0332/topvision-eye-specialist-berhad
FIAMMA,6939,"Houshold GoodsConsumer Products & Services, Main Market",1.020,0,0%,0.995-1.190,0,7.86,0,1.538,12.98,0.00,5.11,0.66,541.02,https://www.klsescreener.com/v2/stocks/view/6939/fiamma-holdings-berhad
DRBHCOM,1619,"AutomotiveConsumer Products & Services, Main Market",0.895,0,0%,0.880-1.350,"2,284",20.57,2.5,4.03,4.35,2.79,5.10,0.22,1730.25,https://www.klsescreener.com/v2/stocks/view/1619/drb-hicom-berhad
L&G,3174,"PropertyProperty, Main Market",0.200,0.01,5.3%,0.120-0.230,"305,644",2.04,1,0.4,9.82,5.00,5.09,0.50,594.63,https://www.klsescreener.com/v2/stocks/view/3174/land-general-berhad
MYNEWS,5275,"RetailersConsumer Products & Services, Main Market",0.400,0.005,1.3%,0.380-0.660,"20,704",1.76,1,0.35,22.71,2.50,5.03,1.14,300.14,https://www.klsescreener.com/v2/stocks/view/5275/mynews-holdings-berhad
AVALAND,5182,"PropertyProperty, Main Market",0.150,0,0%,0.150-0.250,"1,912",3.81,0.5,0.76,3.94,3.33,5.01,0.20,218.55,https://www.klsescreener.com/v2/stocks/view/5182/avaland-berhad
EITA,5208,"Industrial Materials, Components & EquipmentIndustrial Products & Services, Main Market",0.745,0.055,8%,0.450-0.800,"3,641",4.30,3,0.86,17.31,4.03,5.00,0.87,224.85,https://www.klsescreener.com/v2/stocks/view/5208/eita-resources-berhad
ECEXCEL,5192,"Industrial Materials, Components & EquipmentIndustrial Products & Services, Main Market",0.825,0.01,1.2%,0.690-1.030,154,4.70,0,0.94,17.55,0.00,5.00,0.88,178.56,https://www.klsescreener.com/v2/stocks/view/5192/ec-excel-holdings-berhad
HPMT,5291,"Industrial Materials, Components & EquipmentIndustrial Products & Services, Main Market",0.205,-0.005,-2.4%,0.150-0.245,"1,000",2.30,0.4,0.46,8.92,1.95,4.99,0.45,67.34,https://www.klsescreener.com/v2/stocks/view/5291/hpmt-holdings-berhad
AP,0074,"Food & BeveragesConsumer Products & Services, Ace Market",0.075,0,0%,0.065-0.145,"2,094",1.65,0,0.331,4.54,0.00,4.99,0.23,15.84,https://www.klsescreener.com/v2/stocks/view/0074/ace-pacific-group-berhad
IMASPRO,7222,"ChemicalsIndustrial Products & Services, Main Market",0.690,-0.02,-2.8%,0.630-0.835,439,8.52,0,1.72,8.10,0.00,4.95,0.40,55.20,https://www.klsescreener.com/v2/stocks/view/7222/imaspro-corporation-bhd
PANTECH,5125,"MetalsIndustrial Products & Services, Main Market",0.660,0.005,0.8%,0.580-0.715,"4,272",5.72,6,1.16,11.53,9.09,4.93,0.57,570.12,https://www.klsescreener.com/v2/stocks/view/5125/pantech-group-holdings-berhad
KOSSAN,7153,"Health Care Equipment & ServicesHealth Care, Main Market",1.150,-0.02,-1.7%,0.935-1.350,"62,677",7.37,4,1.505,15.61,3.48,4.90,0.76,2941.55,https://www.klsescreener.com/v2/stocks/view/7153/kossan-rubber-industries-bhd
ARMADA,5210,"Energy, Infrastructure, Equipment & ServicesEnergy, Main Market",0.325,-0.005,-1.5%,0.280-0.420,"79,623",4.85,1,1,6.71,3.08,4.85,0.32,1926.59,https://www.klsescreener.com/v2/stocks/view/5210/bumi-armada-berhad
MUHIBAH,5703,"ConstructionConstruction, Main Market",0.430,0,0%,0.425-0.585,"2,987",9.35,3.5,1.93,4.60,8.14,4.85,0.22,317.37,https://www.klsescreener.com/v2/stocks/view/5703/muhibbah-engineering-m-bhd
JHM,0127,"SemiconductorsTechnology, Main Market",0.605,0.01,1.7%,0.275-0.625,"30,659",2.37,0,0.49,25.52,0.00,4.84,1.23,366.63,https://www.klsescreener.com/v2/stocks/view/0127/jhm-consolidation-bhd
ORIENT,4006,"AutomotiveConsumer Products & Services, Main Market",7.070,0.05,0.7%,6.680-7.400,533,56.57,40,11.73,12.50,5.66,4.82,0.60,4386.18,https://www.klsescreener.com/v2/stocks/view/4006/oriental-holdings-bhd
MBRIGHT,2097,"Travel, Leisure & HospitalityConsumer Products & Services, Main Market",0.125,-0.005,-3.8%,0.105-0.160,"3,320",0.58,0.03,0.12,21.68,0.24,4.81,1.04,348.41,https://www.klsescreener.com/v2/stocks/view/2097/meta-bright-group-berhad
TEKSENG,7200,"Houshold GoodsConsumer Products & Services, Main Market",0.260,0,0%,0.190-0.320,"3,344",3.90,1.5,0.82,6.67,5.77,4.76,0.32,93.77,https://www.klsescreener.com/v2/stocks/view/7200/tek-seng-holdings-bhd
SAPRES,4596,"PropertyProperty, Main Market",0.205,0,0%,0.170-0.380,501,7.18,0,1.51,2.86,0.00,4.75,0.14,53.15,https://www.klsescreener.com/v2/stocks/view/4596/sapura-resources-berhad
KHB,0322,"Auto PartsIndustrial Products & Services, Ace Market",0.090,0.005,5.9%,0.070-0.115,2,0.71,0.35,0.15,12.64,3.89,4.75,0.60,36.21,https://www.klsescreener.com/v2/stocks/view/0322/khpt-holdings-berhad
MBL,5152,"Industrial Materials, Components & EquipmentIndustrial Products & Services, Main Market",0.345,0,0%,0.285-0.380,0,6.01,0.5,1.27,5.74,1.45,4.73,0.27,85.84,https://www.klsescreener.com/v2/stocks/view/5152/muar-ban-lee-group-berhad
APM,5015,"Auto PartsIndustrial Products & Services, Main Market",2.600,-0.1,-3.7%,2.350-3.570,40,33.51,20,7.16,7.76,7.69,4.68,0.36,524.16,https://www.klsescreener.com/v2/stocks/view/5015/apm-automotive-holdings-berhad
LPCGRP,03065,"ConstructionConstruction, Leap Market",0.500,0,0%,0.400-0.500,0,0.84,0,0.09,59.42,0.00,4.67,5.56,190.15,https://www.klsescreener.com/v2/stocks/view/03065/lpc-group-berhad
OSKVI,0053,"Other FinancialsFinancial Services, Ace Market",0.500,-0.015,-2.9%,0.450-0.650,33,6.86,2,1.47,7.29,4.00,4.66,0.34,98.80,https://www.klsescreener.com/v2/stocks/view/0053/osk-ventures-international-bhd
ICONIC,9113,"Travel, Leisure & HospitalityConsumer Products & Services, Main Market",0.105,0.005,5%,0.055-0.105,"49,464",0.55,0,0.12,18.95,0.00,4.62,0.87,177.14,https://www.klsescreener.com/v2/stocks/view/9113/iconic-worldwide-berhad
HHHCORP,0160,"Industrial ServicesIndustrial Products & Services, Ace Market",0.105,0.005,5%,0.095-0.140,806,1.29,0,0.28,8.16,0.00,4.60,0.37,41.91,https://www.klsescreener.com/v2/stocks/view/0160/hiap-huat-holdings-bhd
ATRIUM,5130,"Real Estate Investment TrustsReal Estate Investment Trusts, Main Market",1.180,-0.01,-0.8%,1.170-1.410,836,6.44,9.4,1.41,18.32,7.97,4.57,0.84,313.35,https://www.klsescreener.com/v2/stocks/view/5130/atrium-real-estate-investment-trust
INARI,0166,"SemiconductorsTechnology, Main Market",2.770,-0.01,-0.4%,1.210-2.800,"148,059",3.30,4.7,0.726,83.98,1.70,4.54,3.81,10706.80,https://www.klsescreener.com/v2/stocks/view/0166/inari-amertron-berhad
IGBCR,5299,"Real Estate Investment TrustsReal Estate Investment Trusts, Main Market",0.610,-0.01,-1.6%,0.580-0.650,"9,488",4.35,4.23,0.96,14.03,6.93,4.53,0.64,1482.13,https://www.klsescreener.com/v2/stocks/view/5299/igb-commercial-real-estate-investment-trust
SMISCOR,7132,"Auto PartsIndustrial Products & Services, Main Market",0.530,0,0%,0.500-0.700,0,8.19,2,1.81,6.47,3.77,4.53,0.29,23.74,https://www.klsescreener.com/v2/stocks/view/7132/smis-corporation-bhd
CHINHIN,5273,"Building MaterialsIndustrial Products & Services, Main Market",2.070,-0.02,-1%,1.950-2.530,520,2.56,0,0.57,80.70,0.00,4.50,3.63,7328.48,https://www.klsescreener.com/v2/stocks/view/5273/chin-hin-group-berhad
DKLS,7528,"ConstructionConstruction, Main Market",1.400,0,0%,1.390-1.850,0,23.77,3,5.29,5.89,2.14,4.49,0.26,129.78,https://www.klsescreener.com/v2/stocks/view/7528/dkls-industries-bhd
ENGTEX,5056,"MetalsIndustrial Products & Services, Main Market",0.410,-0.01,-2.4%,0.390-0.640,"19,849",4.75,0.6,1.06,8.63,1.46,4.48,0.39,391.88,https://www.klsescreener.com/v2/stocks/view/5056/engtex-group-berhad
WILLOW,0008,"SoftwareTechnology, Main Market",0.305,0,0%,0.250-0.315,0,1.52,1.5,0.34,20.03,4.92,4.48,0.90,151.28,https://www.klsescreener.com/v2/stocks/view/0008/willowglen-msc-berhad
M&A,7082,"Other FinancialsFinancial Services, Main Market",0.155,0.005,3.3%,0.130-0.300,"4,500",1.02,0,0.23,15.22,0.00,4.43,0.67,310.85,https://www.klsescreener.com/v2/stocks/view/7082/m-a-equity-holdings-berhad
SENTRAL,5123,"Real Estate Investment TrustsReal Estate Investment Trusts, Main Market",0.635,0.005,0.8%,0.630-0.815,"1,749",4.92,6.15,1.117,12.91,9.69,4.40,0.57,759.14,https://www.klsescreener.com/v2/stocks/view/5123/sentral-reit
ADVCON,5281,"ConstructionConstruction, Main Market",0.180,0.005,2.9%,0.170-0.210,151,1.27,0,0.29,14.15,0.00,4.39,0.62,105.25,https://www.klsescreener.com/v2/stocks/view/5281/advancecon-holdings-berhad
ACO,0218,"Industrial ServicesIndustrial Products & Services, Ace Market",0.145,0,0%,0.140-0.220,0,1.26,0.2,0.29,11.48,1.38,4.35,0.50,50.37,https://www.klsescreener.com/v2/stocks/view/0218/aco-group-berhad
PANAMY,3719,"Houshold GoodsConsumer Products & Services, Main Market",5.230,0.09,1.8%,5.080-8.500,303,55.86,48,12.86,9.36,9.18,4.34,0.41,317.70,https://www.klsescreener.com/v2/stocks/view/3719/panasonic-manufacturing-malaysia-berhad
LEONFB,5232,"MetalsIndustrial Products & Services, Main Market",0.365,-0.005,-1.4%,0.315-0.415,200,7.86,1,1.81,4.64,2.74,4.34,0.20,124.47,https://www.klsescreener.com/v2/stocks/view/5232/leon-fuat-berhad
MAXIM,4022,"PropertyProperty, Main Market",0.265,0,0%,0.240-0.405,0,3.30,0,0.761,8.03,0.00,4.34,0.35,194.85,https://www.klsescreener.com/v2/stocks/view/4022/maxim-global-berhad
EFORCE,0065,"SoftwareTechnology, Main Market",0.150,0,0%,0.090-0.235,"16,912",0.87,0.5,0.2,17.31,3.33,4.33,0.75,91.48,https://www.klsescreener.com/v2/stocks/view/0065/excel-force-msc-berhad
MKH,6114,"PropertyProperty, Main Market",1.970,0.01,0.5%,0.900-2.000,638,14.14,3,3.27,13.94,1.52,4.32,0.60,1155.50,https://www.klsescreener.com/v2/stocks/view/6114/mkh-berhad
HPPHB,0228,"Packaging MaterialsIndustrial Products & Services, Ace Market",0.275,0,0%,0.150-0.360,0,1.38,1,0.32,19.99,3.64,4.30,0.86,106.89,https://www.klsescreener.com/v2/stocks/view/0228/hpp-holdings-berhad
SMETRIC,0203,"SoftwareTechnology, Ace Market",0.100,0,0%,0.095-0.165,"20,940",0.31,0,0.072,32.36,0.00,4.30,1.39,57.71,https://www.klsescreener.com/v2/stocks/view/0203/securemetric-berhad
ECKEM,0463,"ChemicalsIndustrial Products & Services, Ace Market",0.090,0,0%,0.080-0.145,"4,017",0.68,0,0.08,13.26,0.00,4.24,1.13,56.25,https://www.klsescreener.com/v2/stocks/view/0463/eckem-holdings-berhad
SASBADI,5252,"MediaTelecommunications & Media, Main Market",0.135,0,0%,0.135-0.175,10,1.65,0.75,0.39,8.16,5.56,4.24,0.35,58.88,https://www.klsescreener.com/v2/stocks/view/5252/sasbadi-holdings-berhad
SBAGAN,2569,"PlantationPlantation, Main Market",6.090,0.01,0.2%,5.520-6.230,109,53.09,15,12.592,11.47,2.46,4.22,0.48,566.88,https://www.klsescreener.com/v2/stocks/view/2569/sungei-bagan-rubber-co-m-bhd
AFFIN,5185,"BankingFinancial Services, Main Market",1.940,0,0%,1.940-2.820,"16,631",20.35,8.53,4.88,9.53,4.40,4.17,0.40,5106.48,https://www.klsescreener.com/v2/stocks/view/5185/affin-bank-berhad
IBHD,4251,"PropertyProperty, Main Market",0.210,0,0%,0.205-0.365,"2,680",3.04,0.88,0.73,6.92,4.19,4.16,0.29,390.03,https://www.klsescreener.com/v2/stocks/view/4251/i-berhad
TAMBUN,5191,"PropertyProperty, Main Market",0.690,-0.005,-0.7%,0.670-0.855,"2,472",7.55,3.7,1.82,9.14,5.36,4.15,0.38,303.13,https://www.klsescreener.com/v2/stocks/view/5191/tambun-indah-land-berhad
CRESBLD,8591,"ConstructionConstruction, Main Market",0.470,0,0%,0.410-0.535,30,6.55,2,1.6,7.17,4.26,4.10,0.29,105.71,https://www.klsescreener.com/v2/stocks/view/8591/crest-builder-holdings-bhd
SEM,5250,"RetailersConsumer Products & Services, Main Market",2.000,0,0%,1.910-2.020,30,1.23,1.35,0.302,162.72,0.68,4.08,6.63,2343.43,https://www.klsescreener.com/v2/stocks/view/5250/7-eleven-malaysia-holdings-berhad
AMFIRST,5120,"Real Estate Investment TrustsReal Estate Investment Trusts, Main Market",0.345,0,0%,0.300-0.360,"1,121",4.92,2.87,1.212,7.02,8.32,4.06,0.28,236.81,https://www.klsescreener.com/v2/stocks/view/5120/amfirst-real-estate-investment-trust
AYS,5021,"Building MaterialsIndustrial Products & Services, Main Market",0.235,0.005,2.2%,0.180-0.270,102,4.57,1,1.13,5.14,4.26,4.04,0.21,98.34,https://www.klsescreener.com/v2/stocks/view/5021/ays-ventures-berhad
LYSAGHT,9199,"MetalsIndustrial Products & Services, Main Market",2.330,0.03,1.3%,2.200-2.680,50,16.58,15,4.1,14.06,6.44,4.04,0.57,96.88,https://www.klsescreener.com/v2/stocks/view/9199/lysaght-galvanized-steel-bhd
PERDANA,7108,"Energy, Infrastructure, Equipment & ServicesEnergy, Main Market",0.145,0,0%,0.135-0.225,"2,284",1.41,0,0.35,10.25,0.00,4.04,0.41,323.10,https://www.klsescreener.com/v2/stocks/view/7108/perdana-petroleum-berhad
EPMB,7773,"Auto PartsIndustrial Products & Services, Main Market",0.470,0,0%,0.340-0.595,110,5.25,0.52,1.3,8.95,1.11,4.04,0.36,134.59,https://www.klsescreener.com/v2/stocks/view/7773/ep-manufacturing-bhd
ELSOFT,0090,"Technology EquipmentTechnology, Main Market",0.345,0.025,7.8%,0.170-0.390,"22,356",0.64,0.5,0.16,53.62,1.45,4.02,2.16,239.48,https://www.klsescreener.com/v2/stocks/view/0090/elsoft-research-berhad
STRATUS,5356,"SemiconductorsTechnology, Main Market",2.890,-0.03,-1%,1.900-3.300,"48,022",3.06,0,0.19,94.59,0.00,4.02,15.21,3612.50,https://www.klsescreener.com/v2/stocks/view/5356/stratus-global-holdings-berhad
CHINAETF-MYR,0829EA,"Equity FundETF-Equity, ETF",4.300,0.03,0.7%,4.160-6.170,4,16.89,0,4.228,25.45,0.00,4.00,1.02,53.71,https://www.klsescreener.com/v2/stocks/view/0829EA/tradeplus-s-p-new-china-tracker-myr
KENANGA,6483,"Other FinancialsFinancial Services, Main Market",0.640,0,0%,0.580-0.890,72,5.78,5,1.45,11.08,7.81,3.98,0.44,470.89,https://www.klsescreener.com/v2/stocks/view/6483/kenanga-investment-bank-berhad
AZAMJAYA,5329,"ConstructionConstruction, Main Market",0.950,0,0%,0.900-1.200,"14,562",1.35,0.5,0.34,70.44,0.53,3.97,2.79,475.00,https://www.klsescreener.com/v2/stocks/view/5329/azam-jaya-berhad
HIGHTEC,7033,"Industrial EngineeringIndustrial Products & Services, Main Market",0.580,0,0%,0.545-0.740,48,4.87,3,1.246,11.90,5.17,3.91,0.47,70.67,https://www.klsescreener.com/v2/stocks/view/7033/kumpulan-h-l-high-tech-berhad
TNLOGIS,8397,"Transportation & Logistics ServicesTransportation & Logistics, Main Market",0.780,0,0%,0.710-0.850,0,8.26,0,2.12,9.44,0.00,3.90,0.37,411.70,https://www.klsescreener.com/v2/stocks/view/8397/tiong-nam-logistics-holdings-berhad
UMSNGB,7227,"Industrial Materials, Components & EquipmentIndustrial Products & Services, Main Market",0.865,0,0%,0.800-0.970,0,5.83,3,1.51,14.84,3.47,3.86,0.57,69.20,https://www.klsescreener.com/v2/stocks/view/7227/ums-neiken-group-bhd
BFIELD,0470,"Food & BeveragesConsumer Products & Services, Ace Market",0.470,-0.01,-2.1%,0.395-0.500,"93,490",3.24,0,0.21,14.53,0.00,3.85,2.24,376.00,https://www.klsescreener.com/v2/stocks/view/0470/butterfield-fb-berhad
VELOCITY,7165,"Building MaterialsIndustrial Products & Services, Main Market",0.065,0,0%,0.035-0.075,0,1.05,0,0.278,6.17,0.00,3.80,0.23,89.79,https://www.klsescreener.com/v2/stocks/view/7165/velocity-capital-partner-berhad
TUNEPRO,5230,"InsuranceFinancial Services, Main Market",0.245,0.005,2.1%,0.230-0.350,"6,833",2.77,1.3,0.73,8.86,5.31,3.79,0.34,184.64,https://www.klsescreener.com/v2/stocks/view/5230/tune-protect-group-berhad
SHL,6017,"PropertyProperty, Main Market",2.260,0,0%,2.110-2.400,0,14.87,12,3.93,15.19,5.31,3.78,0.58,547.20,https://www.klsescreener.com/v2/stocks/view/6017/shl-consolidated-bhd
MTAG,0213,"Industrial ServicesIndustrial Products & Services, Ace Market",0.205,0.005,2.5%,0.195-0.310,"1,691",1.25,2,0.33,16.42,9.76,3.78,0.62,139.73,https://www.klsescreener.com/v2/stocks/view/0213/mtag-group-berhad
SWIFT,5303,"Transportation & Logistics ServicesTransportation & Logistics, Main Market",0.375,0,0%,0.320-0.475,470,3.22,1.6,0.855,11.65,4.27,3.77,0.44,335.00,https://www.klsescreener.com/v2/stocks/view/5303/swift-haulage-berhad
N2N,0108,"SoftwareTechnology, Ace Market",0.295,-0.005,-1.7%,0.290-0.375,171,1.63,2,0.44,18.14,6.78,3.70,0.67,164.67,https://www.klsescreener.com/v2/stocks/view/0108/n2n-connect-bhd
MENANG,1694,"PropertyProperty, Main Market",0.640,0,0%,0.585-0.730,0,2.48,3,0.68,25.79,4.69,3.65,0.94,454.95,https://www.klsescreener.com/v2/stocks/view/1694/menang-corporation-m-berhad
CWG,9423,"Consumer ServicesConsumer Products & Services, Main Market",0.140,0,0%,0.130-0.210,0,1.82,0.5,0.5,7.71,3.57,3.63,0.28,36.73,https://www.klsescreener.com/v2/stocks/view/9423/cwg-holdings-berhad
CYL,7157,"Packaging MaterialsIndustrial Products & Services, Main Market",0.300,0.005,1.7%,0.255-0.385,900,4.24,1.5,1.172,7.07,5.00,3.62,0.26,30.00,https://www.klsescreener.com/v2/stocks/view/7157/cyl-corporation-berhad
VIS,0120,"SemiconductorsTechnology, Ace Market",0.730,0.085,13.2%,0.185-0.730,"118,223",0.76,0.5,0.21,96.07,0.68,3.62,3.48,191.84,https://www.klsescreener.com/v2/stocks/view/0120/visdynamics-holdings-berhad
SSTEEL,5665,"MetalsIndustrial Products & Services, Main Market",0.495,0,0%,0.355-0.600,"1,300",2.31,0,0.64,21.40,0.00,3.61,0.77,743.05,https://www.klsescreener.com/v2/stocks/view/5665/southern-steel-berhad
A1AKK,0365,"Food & BeveragesConsumer Products & Services, Ace Market",0.135,0,0%,0.135-0.255,585,0.29,0.18,0.08,46.69,1.33,3.61,1.69,113.40,https://www.klsescreener.com/v2/stocks/view/0365/a1-a-k-koh-group-berhad
SENFONG,5308,"Industrial ServicesIndustrial Products & Services, Main Market",0.690,0,0%,0.600-0.795,659,1.12,3.5,0.31,61.78,5.07,3.60,2.23,497.94,https://www.klsescreener.com/v2/stocks/view/5308/seng-fong-holdings-berhad
HARTA,5168,"Health Care Equipment & ServicesHealth Care, Main Market",1.070,0,0%,0.800-1.380,"46,959",4.68,1.8,1.3,22.86,1.68,3.60,0.82,3667.54,https://www.klsescreener.com/v2/stocks/view/5168/hartalega-holdings-berhad
NHFATT,7060,"AutomotiveConsumer Products & Services, Main Market",1.270,-0.01,-0.8%,1.200-1.620,2,12.85,7.5,3.57,9.89,5.91,3.60,0.36,209.99,https://www.klsescreener.com/v2/stocks/view/7060/new-hoong-fatt-holdings-bhd
TURIYA,4359,"SemiconductorsTechnology, Main Market",0.230,0.025,12.2%,0.170-0.300,3,1.73,0,0.48,13.32,0.00,3.60,0.48,52.61,https://www.klsescreener.com/v2/stocks/view/4359/turiya-berhad
SKYWLD,5315,"PropertyProperty, Main Market",0.390,0.005,1.3%,0.365-0.590,"50,772",3.16,0.6,0.89,12.32,1.54,3.56,0.44,399.35,https://www.klsescreener.com/v2/stocks/view/5315/skyworld-development-berhad
SPSETIA,8664,"PropertyProperty, Main Market",0.720,-0.005,-0.7%,0.715-1.210,"69,798",9.35,2.55,2.68,7.70,3.54,3.49,0.27,3637.24,https://www.klsescreener.com/v2/stocks/view/8664/s-p-setia-berhad
HSSBAKERY,0460,"Food & BeveragesConsumer Products & Services, Ace Market",0.130,0,0%,0.130-0.200,"2,206",0.63,0,0.09,20.78,0.00,3.48,1.44,65.00,https://www.klsescreener.com/v2/stocks/view/0460/hss-holdings-berhad
EPICON,4847,"ConstructionConstruction, Main Market",0.190,0.005,2.7%,0.110-0.240,"1,497",0.49,0,0.14,39.06,0.00,3.47,1.36,119.22,https://www.klsescreener.com/v2/stocks/view/4847/epicon-berhad
KPS,5843,"Diversified IndustrialsIndustrial Products & Services, Main Market",0.535,0.005,0.9%,0.485-0.705,450,7.04,3,2.03,7.60,5.61,3.47,0.26,287.50,https://www.klsescreener.com/v2/stocks/view/5843/kumpulan-perangsang-selangor-berhad
TWL,7079,"PropertyProperty, Main Market",0.025,0,0%,0.020-0.030,"159,600",0.31,0,0.09,8.03,0.00,3.46,0.28,166.87,https://www.klsescreener.com/v2/stocks/view/7079/twl-holdings-berhad
KKB,9466,"Industrial EngineeringIndustrial Products & Services, Main Market",1.250,0.01,0.8%,0.980-1.320,310,4.79,3.8,1.39,26.08,3.04,3.45,0.90,360.91,https://www.klsescreener.com/v2/stocks/view/9466/kkb-engineering-bhd
PARKWD,2682,"PropertyProperty, Main Market",0.060,0,0%,0.055-0.090,0,1.00,0,0.294,6.00,0.00,3.40,0.20,35.74,https://www.klsescreener.com/v2/stocks/view/2682/parkwood-holdings-berhad
EUPE,6815,"PropertyProperty, Main Market",0.720,0,0%,0.650-1.050,0,12.83,2.2,3.78,5.61,3.06,3.39,0.19,105.98,https://www.klsescreener.com/v2/stocks/view/6815/eupe-corporation-berhad
SMART,0306,"Building MaterialsIndustrial Products & Services, Ace Market",0.150,-0.005,-3.2%,0.140-0.210,"2,220",1.06,0,0.314,14.10,0.00,3.39,0.48,55.48,https://www.klsescreener.com/v2/stocks/view/0306/smart-asia-chemical-bhd
WEGMANS,0197,"Houshold GoodsConsumer Products & Services, Main Market",0.105,0,0%,0.070-0.110,0,0.81,0.5,0.24,12.95,4.76,3.38,0.44,57.75,https://www.klsescreener.com/v2/stocks/view/0197/wegmans-holdings-berhad
SUNSURIA,3743,"PropertyProperty, Main Market",0.280,0.005,1.8%,0.260-0.450,243,4.15,0,1.23,6.75,0.00,3.37,0.23,250.86,https://www.klsescreener.com/v2/stocks/view/3743/sunsuria-berhad
SUCCESS,7207,"Industrial Materials, Components & EquipmentIndustrial Products & Services, Main Market",0.605,0.005,0.8%,0.560-0.685,"1,130",5.56,3.1,1.66,10.87,5.12,3.35,0.36,153.18,https://www.klsescreener.com/v2/stocks/view/7207/success-transformer-corporation-berhad
SURIA,6521,"Transportation & Logistics ServicesTransportation & Logistics, Main Market",1.150,0,0%,1.120-1.630,0,11.45,3,3.433,10.05,2.61,3.33,0.34,397.69,https://www.klsescreener.com/v2/stocks/view/6521/suria-capital-holdings-bhd
CITAGLB,7245,"MetalsIndustrial Products & Services, Main Market",1.060,-0.03,-2.8%,0.755-1.220,"3,140",3.39,1,1.02,31.28,0.94,3.32,1.04,597.12,https://www.klsescreener.com/v2/stocks/view/7245/citaglobal-berhad
KLUANG,2453,"PlantationPlantation, Main Market",6.520,0,0%,4.800-6.730,54,44.99,9.5,13.621,14.49,1.46,3.30,0.48,411.88,https://www.klsescreener.com/v2/stocks/view/2453/kluang-rubber-company-malaya-berhad
5ER,0397,"Industrial ServicesIndustrial Products & Services, Ace Market",0.205,0,0%,0.195-0.300,"5,490",0.62,0.43,0.14,33.32,2.10,3.30,1.46,315.70,https://www.klsescreener.com/v2/stocks/view/0397/5e-resources-holdings-berhad
UMS,7137,"Industrial Materials, Components & EquipmentIndustrial Products & Services, Main Market",1.760,0,0%,1.700-2.100,0,13.34,8,4.07,13.20,4.55,3.28,0.43,71.61,https://www.klsescreener.com/v2/stocks/view/7137/ums-holdings-berhad
KIALIM,6211,"Building MaterialsIndustrial Products & Services, Main Market",0.285,0,0%,0.280-0.560,0,3.18,0,0.972,8.97,0.00,3.27,0.29,17.65,https://www.klsescreener.com/v2/stocks/view/6211/kia-lim-bhd
CCIB,03053,"Consumer ServicesConsumer Products & Services, Leap Market",0.325,0,0%,0.350-0.350,0,3.35,2.08,1.03,9.70,6.40,3.25,0.32,155.90,https://www.klsescreener.com/v2/stocks/view/03053/cc-international-berhad
CGB,8052,"ConstructionConstruction, Main Market",0.870,0.005,0.6%,0.850-0.950,"198,265",0.70,0,0.216,124.65,0.00,3.23,4.03,887.02,https://www.klsescreener.com/v2/stocks/view/8052/central-global-berhad
CEB,5311,"Diversified IndustrialsIndustrial Products & Services, Main Market",0.300,0,0%,0.245-0.325,"16,564",1.45,0,0.45,20.65,0.00,3.23,0.67,297.60,https://www.klsescreener.com/v2/stocks/view/5311/cape-ems-berhad
DESTINI,7212,"Industrial EngineeringIndustrial Products & Services, Main Market",0.225,0,0%,0.205-0.440,58,0.82,0.5,0.256,27.35,2.22,3.22,0.88,123.52,https://www.klsescreener.com/v2/stocks/view/7212/destini-berhad
MENTIGA,5223,"PlantationPlantation, Main Market",0.570,0,0%,0.435-0.890,68,10.15,0,3.17,5.61,0.00,3.20,0.18,39.90,https://www.klsescreener.com/v2/stocks/view/5223/mentiga-corporation-bhd
FIMACOR,3107,"Industrial ServicesIndustrial Products & Services, Main Market",1.480,0,0%,1.470-1.760,70,7.42,12.5,2.32,19.94,8.45,3.20,0.64,362.99,https://www.klsescreener.com/v2/stocks/view/3107/fima-corporation-berhad
HTPADU,5028,"Digital ServicesTechnology, Main Market",0.900,-0.005,-0.6%,0.840-2.380,745,4.42,0,1.39,20.34,0.00,3.18,0.65,146.69,https://www.klsescreener.com/v2/stocks/view/5028/heitech-padu-bhd
XL,7121,"Consumer ServicesConsumer Products & Services, Main Market",0.820,0.01,1.2%,0.590-0.900,"113,916",1.75,0,0.55,46.98,0.00,3.17,1.49,424.43,https://www.klsescreener.com/v2/stocks/view/7121/xl-holdings-berhad
PDZ,6254,"Transportation & Logistics ServicesTransportation & Logistics, Main Market",0.025,-0.005,-16.7%,0.020-0.035,3,0.56,0,0.176,4.49,0.00,3.17,0.14,14.71,https://www.klsescreener.com/v2/stocks/view/6254/pdz-holdings-bhd
POLYMER,0381,"ChemicalsIndustrial Products & Services, Ace Market",0.185,-0.005,-2.6%,0.115-0.265,"22,450",0.54,0.57,0.17,34.43,3.08,3.16,1.09,103.60,https://www.klsescreener.com/v2/stocks/view/0381/polymer-link-holdings-berhad
WTS,0050,"SoftwareTechnology, Ace Market",0.190,0,0%,0.135-0.250,"102,804",0.26,0,0.082,74.03,0.00,3.14,2.32,134.66,https://www.klsescreener.com/v2/stocks/view/0050/wts-capital-berhad
SAM,9822,"Industrial Materials, Components & EquipmentIndustrial Products & Services, Main Market",4.280,-0.01,-0.2%,3.050-5.250,"6,018",6.14,1.4,1.96,69.70,0.33,3.13,2.18,2897.50,https://www.klsescreener.com/v2/stocks/view/9822/sam-engineering-equipment-m-berhad
APPASIA,0119,"SoftwareTechnology, Ace Market",0.115,0,0%,0.075-0.135,610,0.09,0,0.029,127.57,0.00,3.06,3.91,169.03,https://www.klsescreener.com/v2/stocks/view/0119/appasia-berhad
UNISEM,5005,"SemiconductorsTechnology, Main Market",4.360,0.08,1.9%,2.530-5.380,"14,523",3.97,7,1.321,109.83,1.61,3.01,3.30,7476.17,https://www.klsescreener.com/v2/stocks/view/5005/unisem-m-berhad
SYCAL,9717,"ConstructionConstruction, Main Market",0.165,0,0%,0.140-0.190,0,2.08,0,0.7,7.92,0.00,2.97,0.24,68.69,https://www.klsescreener.com/v2/stocks/view/9717/sycal-ventures-bhd
ATLAN,7048,"RetailersConsumer Products & Services, Main Market",2.600,0,0%,2.330-3.150,0,4.69,10,1.58,55.44,3.85,2.97,1.65,659.49,https://www.klsescreener.com/v2/stocks/view/7048/atlan-holdings-bhd
NATGATE,0270,"Industrial Materials, Components & EquipmentIndustrial Products & Services, Main Market",2.110,0.15,7.7%,0.570-2.110,"567,207",1.34,2,0.454,157.83,0.95,2.94,4.64,4805.83,https://www.klsescreener.com/v2/stocks/view/0270/nationgate-holdings-berhad
BESHOM,7668,"RetailersConsumer Products & Services, Main Market",0.535,0.005,0.9%,0.490-0.700,"1,512",3.01,2.5,1.03,17.75,4.67,2.93,0.52,160.56,https://www.klsescreener.com/v2/stocks/view/7668/beshom-holdings-berhad
ECOFIRS,3557,"PropertyProperty, Main Market",0.330,0.005,1.5%,0.275-0.365,"10,974",1.34,0,0.46,24.66,0.00,2.91,0.72,398.62,https://www.klsescreener.com/v2/stocks/view/3557/ecofirst-consolidated-bhd
ALSREIT,5269,"Real Estate Investment TrustsReal Estate Investment Trusts, Main Market",0.585,0.005,0.9%,0.430-0.630,391,3.28,2.2,1.128,17.84,3.76,2.91,0.52,339.30,https://www.klsescreener.com/v2/stocks/view/5269/al-salam-real-estate-investment-trust
AJIYA,7609,"Building MaterialsIndustrial Products & Services, Main Market",1.020,-0.01,-1%,0.910-1.255,703,3.43,7,1.18,29.77,6.86,2.90,0.86,621.35,https://www.klsescreener.com/v2/stocks/view/7609/ajiya-berhad
NEXGRAM,0096,"Telecommunications EquipmentTelecommunications & Media, Ace Market",0.040,0,0%,0.010-0.065,"3,919",0.23,0,0.081,17.22,0.00,2.88,0.50,39.11,https://www.klsescreener.com/v2/stocks/view/0096/nexgram-holdings-berhad
CMSB,2852,"Building MaterialsIndustrial Products & Services, Main Market",0.900,-0.005,-0.6%,0.875-1.630,"99,075",9.13,3,3.19,9.86,3.33,2.86,0.28,968.17,https://www.klsescreener.com/v2/stocks/view/2852/cahya-mata-sarawak-berhad
KLCI1XI,0835EA,",",1.530,0,0%,1.530-1.665,0,4.50,0,1.588,34.00,0.00,2.83,0.96,1.53,https://www.klsescreener.com/v2/stocks/view/0835EA/kenanga-klci-daily-1x-inverse-etf
YEWLEE,0248,"Industrial Materials, Components & EquipmentIndustrial Products & Services, Ace Market",0.630,0.01,1.6%,0.370-0.640,"123,588",0.44,0,0.154,144.39,0.00,2.83,4.08,379.46,https://www.klsescreener.com/v2/stocks/view/0248/yew-lee-pacific-group-berhad
EQ8WAQF,0839EA,"Equity FundETF-Equity, ETF",0.950,0,0%,0.910-1.050,0,5.20,1.7,0.924,18.27,1.79,2.82,1.03,1.42,https://www.klsescreener.com/v2/stocks/view/0839EA/eq8-ftse-malaysia-enhanced-dividend-waqf-etf
HEXIND,0161,"Industrial Materials, Components & EquipmentIndustrial Products & Services, Main Market",0.255,0,0%,0.225-0.365,"3,035",0.33,1,0.117,78.03,3.92,2.79,2.17,700.57,https://www.klsescreener.com/v2/stocks/view/0161/hextar-industries-berhad
HEKTAR,5121,"Real Estate Investment TrustsReal Estate Investment Trusts, Main Market",0.505,0.01,2%,0.405-0.525,"9,356",2.93,2.18,1.054,17.21,4.32,2.79,0.48,358.19,https://www.klsescreener.com/v2/stocks/view/5121/hektar-reits
MIDTOWN,0177,"Industrial EngineeringIndustrial Products & Services, Ace Market",0.080,0,0%,0.055-0.115,350,1.56,0,0.56,5.14,0.00,2.78,0.14,15.24,https://www.klsescreener.com/v2/stocks/view/0177/midtown-group-berhad
EVOCOM,0473,"Consumer ServicesConsumer Products & Services, Ace Market",0.110,0.005,4.8%,0.105-0.150,"33,660",0.67,0,0.06,16.51,0.00,2.78,1.83,50.12,https://www.klsescreener.com/v2/stocks/view/0473/evocom-berhad
MALTON,6181,"PropertyProperty, Main Market",0.220,0.005,2.3%,0.210-0.420,"1,062",4.85,0,1.75,4.54,0.00,2.77,0.13,126.22,https://www.klsescreener.com/v2/stocks/view/6181/malton-berhad
KESM,9334,"SemiconductorsTechnology, Main Market",4.500,0.16,3.7%,2.650-5.050,"1,507",21.98,10.5,8,20.48,2.33,2.75,0.56,193.57,https://www.klsescreener.com/v2/stocks/view/9334/kesm-industries-berhad
MGRC,0155,"Health Care Equipment & ServicesHealth Care, Ace Market",0.350,0,0%,0.155-0.385,0,0.36,0,0.132,98.56,0.00,2.68,2.64,52.83,https://www.klsescreener.com/v2/stocks/view/0155/malaysian-genomics-resource-centre-berhad
ASIAPLY,0105,"ChemicalsIndustrial Products & Services, Ace Market",0.095,0.005,5.6%,0.060-0.205,"4,775",0.32,0,0.12,29.84,0.00,2.65,0.79,100.16,https://www.klsescreener.com/v2/stocks/view/0105/asia-poly-holdings-berhad
SOLID,5242,"AutomotiveConsumer Products & Services, Main Market",0.110,0.005,4.8%,0.105-0.150,60,1.23,0,0.47,8.91,0.00,2.63,0.23,57.13,https://www.klsescreener.com/v2/stocks/view/5242/solid-automotive-berhad
GENM,4715,"Travel, Leisure & HospitalityConsumer Products & Services, Main Market",1.490,0.03,2.1%,1.440-2.390,"12,822",5.21,7,1.99,28.62,4.70,2.62,0.75,8847.69,https://www.klsescreener.com/v2/stocks/view/4715/genting-malaysia-berhad
BCMALL,0187,"Industrial ServicesIndustrial Products & Services, Ace Market",0.005,0,0%,0.005-0.010,600,0.16,0,0.06,3.20,0.00,2.61,0.08,10.17,https://www.klsescreener.com/v2/stocks/view/0187/bcm-alliance-berhad
KGW,0282,"Transportation & Logistics ServicesTransportation & Logistics, Ace Market",0.095,0,0%,0.085-0.200,"1,730",0.26,0,0.1,36.55,0.00,2.60,0.95,45.87,https://www.klsescreener.com/v2/stocks/view/0282/kgw-group-berhad
MEGAFB,5327,"Industrial Materials, Components & EquipmentIndustrial Products & Services, Main Market",2.950,0.1,3.5%,0.650-2.960,"41,010",0.72,0.25,0.28,407.70,0.08,2.58,10.54,2492.67,https://www.klsescreener.com/v2/stocks/view/5327/mega-fortris-berhad
GLOTEC,5220,"Industrial Materials, Components & EquipmentIndustrial Products & Services, Main Market",0.880,-0.005,-0.6%,0.500-1.230,"2,371",2.54,0.7,1.007,34.61,0.80,2.52,0.87,236.83,https://www.klsescreener.com/v2/stocks/view/5220/globaltec-formation-berhad
Y&G,7003,"PropertyProperty, Main Market",0.310,0,0%,0.280-0.480,0,3.73,0,1.48,8.32,0.00,2.52,0.21,67.73,https://www.klsescreener.com/v2/stocks/view/7003/y-g-corporation-bhd
SFPTECH,0251,"SemiconductorsTechnology, Ace Market",0.295,0.005,1.7%,0.095-0.375,"33,719",0.23,0,0.09,130.39,0.00,2.51,3.28,711.55,https://www.klsescreener.com/v2/stocks/view/0251/sfp-tech-holdings-berhad
HCK,7105,"PropertyProperty, Main Market",2.150,0.01,0.5%,2.080-2.230,"3,301",2.02,3,0.81,106.48,1.40,2.49,2.65,1360.11,https://www.klsescreener.com/v2/stocks/view/7105/hck-capital-group-berhad
NOVATECH,0017,"Telecommunications EquipmentTelecommunications & Media, Ace Market",0.035,0,0%,0.025-0.120,0,0.16,0,0.063,22.42,0.00,2.48,0.56,31.37,https://www.klsescreener.com/v2/stocks/view/0017/nova-technology-services-berhad
TITIJYA,5239,"PropertyProperty, Main Market",0.215,-0.005,-2.3%,0.195-0.260,"2,201",2.33,0,0.96,9.24,0.00,2.42,0.22,287.77,https://www.klsescreener.com/v2/stocks/view/5239/titijaya-land-berhad
GLOMAC,5020,"PropertyProperty, Main Market",0.310,0,0%,0.300-0.380,325,3.78,1.38,1.59,8.21,4.45,2.38,0.19,248.03,https://www.klsescreener.com/v2/stocks/view/5020/glomac-berhad
MINHO,5576,"Wood & Wood ProductsIndustrial Products & Services, Main Market",0.270,0.01,3.8%,0.245-0.315,"1,550",2.75,0.85,1.16,9.81,3.15,2.37,0.23,96.32,https://www.klsescreener.com/v2/stocks/view/5576/minho-m-bhd
MYCRON,5087,"MetalsIndustrial Products & Services, Main Market",0.205,-0.015,-6.8%,0.200-0.305,"2,480",3.75,0,1.63,5.47,0.00,2.30,0.13,67.05,https://www.klsescreener.com/v2/stocks/view/5087/mycron-steel-bhd
TONGHER,5010,"MetalsIndustrial Products & Services, Main Market",2.450,0,0%,1.160-2.450,710,7.66,3.3,3.44,31.99,1.35,2.23,0.71,385.70,https://www.klsescreener.com/v2/stocks/view/5010/tong-herr-resources-bhd
PETRONM,3042,"Oil & Gas ProducersEnergy, Main Market",3.360,-0.02,-0.6%,3.250-5.150,650,20.23,20,9.123,16.61,5.95,2.22,0.37,907.20,https://www.klsescreener.com/v2/stocks/view/3042/petron-malaysia-refining-marketing-berhad
BEDI,6378,"PropertyProperty, Main Market",0.510,0,0%,0.260-0.550,542,0.50,0,0.23,101.27,0.00,2.19,2.22,442.25,https://www.klsescreener.com/v2/stocks/view/6378/bedi-berhad
COSMOS,0261,"Industrial ServicesIndustrial Products & Services, Ace Market",0.390,0.015,4%,0.225-0.410,"6,234",0.38,0,0.173,103.13,0.00,2.19,2.26,100.04,https://www.klsescreener.com/v2/stocks/view/0261/cosmos-technology-international-berhad
WELLS,0271,"Food & BeveragesConsumer Products & Services, Ace Market",0.545,0.03,5.8%,0.435-0.690,"10,578",0.19,0,0.088,282.67,0.00,2.18,6.16,388.11,https://www.klsescreener.com/v2/stocks/view/0271/wellspire-holdings-berhad
ASTEEL,7020,"MetalsIndustrial Products & Services, Main Market",0.105,0,0%,0.055-0.130,"108,478",0.28,0,0.13,37.09,0.00,2.18,0.81,53.55,https://www.klsescreener.com/v2/stocks/view/7020/asteel-group-berhad
TWRREIT,5111,"Real Estate Investment TrustsReal Estate Investment Trusts, Main Market",0.315,0,0%,0.265-0.320,336,2.54,1.9,1.168,12.41,6.03,2.17,0.27,154.63,https://www.klsescreener.com/v2/stocks/view/5111/tower-real-estate-investment-trust
HM,0060,"Technology EquipmentTechnology, Ace Market",0.135,0,0%,0.125-0.170,0,0.48,0,0.222,28.04,0.00,2.17,0.61,277.62,https://www.klsescreener.com/v2/stocks/view/0060/harvest-miracle-capital-berhad
CJCEN,7117,"Transportation & Logistics ServicesTransportation & Logistics, Main Market",0.165,0.005,3.1%,0.140-0.210,"1,250",1.71,0,0.79,9.66,0.00,2.16,0.21,98.05,https://www.klsescreener.com/v2/stocks/view/7117/cj-century-logistics-holdings-berhad
ECONBHD,5253,"ConstructionConstruction, Main Market",0.125,0,0%,0.105-0.385,"44,584",0.56,0,0.26,22.25,0.00,2.16,0.48,177.19,https://www.klsescreener.com/v2/stocks/view/5253/econpile-holdings-berhad
MEDIA,4502,"MediaTelecommunications & Media, Main Market",0.230,-0.005,-2.1%,0.210-0.375,500,1.41,1,0.656,16.36,4.35,2.14,0.35,255.12,https://www.klsescreener.com/v2/stocks/view/4502/media-prima-berhad
ARKA,7218,"Transportation & Logistics ServicesTransportation & Logistics, Main Market",0.425,0,0%,0.350-0.870,0,1.86,0,0.87,22.83,0.00,2.14,0.49,28.01,https://www.klsescreener.com/v2/stocks/view/7218/arka-berhad
TRIMODE,0199,"Transportation & Logistics ServicesTransportation & Logistics, Ace Market",0.160,0,0%,0.145-0.300,"1,000",1.24,0.3,0.58,12.95,1.88,2.13,0.28,26.56,https://www.klsescreener.com/v2/stocks/view/0199/tri-mode-system-m-berhad
BJASSET,3239,"PropertyProperty, Main Market",0.290,0,0%,0.220-0.320,0,1.52,0,0.73,19.03,0.00,2.09,0.40,741.90,https://www.klsescreener.com/v2/stocks/view/3239/berjaya-assets-berhad
KPPROP,7077,"PropertyProperty, Main Market",0.270,0,0%,0.245-0.395,0,1.36,0,0.67,19.83,0.00,2.03,0.40,231.91,https://www.klsescreener.com/v2/stocks/view/7077/kerjaya-prospek-property-berhad
KEN,7323,"PropertyProperty, Main Market",0.460,0,0%,0.405-0.585,100,4.21,0,2.09,10.92,0.00,2.02,0.22,88.19,https://www.klsescreener.com/v2/stocks/view/7323/ken-holdings-bhd
IFCAMSC,0023,"SoftwareTechnology, Ace Market",0.200,0,0%,0.170-0.350,"9,829",0.40,0,0.2,49.70,0.00,2.01,1.00,121.66,https://www.klsescreener.com/v2/stocks/view/0023/ifca-msc-berhad
GEOHAN,5345,"ConstructionConstruction, Main Market",0.250,0,0%,0.240-0.550,14,1.00,0,0.5,24.90,0.00,2.01,0.50,110.00,https://www.klsescreener.com/v2/stocks/view/5345/geohan-corporation-berhad
MUH,9539,"PropertyProperty, Main Market",0.330,0,0%,0.330-0.470,0,3.21,0,1.6,10.28,0.00,2.01,0.21,18.62,https://www.klsescreener.com/v2/stocks/view/9539/multi-usage-holdings-berhad
TMCLIFE,0101,"Health Care ProvidersHealth Care, Main Market",0.415,0,0%,0.405-0.575,"1,890",1.00,0.57,0.5,41.60,1.37,2.00,0.83,722.88,https://www.klsescreener.com/v2/stocks/view/0101/tmc-life-sciences-bhd
GBAY,9148,"Packaging MaterialsIndustrial Products & Services, Main Market",0.570,0,0%,0.500-0.640,0,0.71,0,0.354,80.79,0.00,1.99,1.61,46.37,https://www.klsescreener.com/v2/stocks/view/9148/greater-bay-holdings-berhad
SYMLIFE,1538,"PropertyProperty, Main Market",0.175,0.005,2.9%,0.145-0.230,200,2.74,0,1.42,6.38,0.00,1.93,0.12,134.30,https://www.klsescreener.com/v2/stocks/view/1538/symphony-life-berhad
DNONCE,7114,"Packaging MaterialsIndustrial Products & Services, Main Market",0.040,0,0%,0.025-0.050,507,0.44,0,0.23,9.03,0.00,1.93,0.17,34.73,https://www.klsescreener.com/v2/stocks/view/7114/d-nonce-technology-bhd
LOTUS,8303,"Food & BeveragesConsumer Products & Services, Main Market",0.085,0,0%,0.080-0.125,752,0.15,0,0.08,55.91,0.00,1.90,1.06,109.08,https://www.klsescreener.com/v2/stocks/view/8303/lotus-kfm-berhad
PARAGON,9407,"Houshold GoodsConsumer Products & Services, Main Market",1.330,-0.01,-0.7%,1.260-4.950,77,2.24,0,1.201,59.25,0.00,1.87,1.11,134.49,https://www.klsescreener.com/v2/stocks/view/9407/paragon-union-berhad
BONIA,9288,"Personal GoodsConsumer Products & Services, Main Market",0.790,0,0%,0.780-0.980,0,3.84,5,2.087,20.58,6.33,1.84,0.38,159.24,https://www.klsescreener.com/v2/stocks/view/9288/bonia-corporation-berhad
GMUTUAL,9962,"PropertyProperty, Main Market",0.250,0,0%,0.235-0.340,0,2.18,1,1.2,11.47,4.00,1.82,0.21,93.90,https://www.klsescreener.com/v2/stocks/view/9962/gromutual-bhd
MBSB,1171,"Other FinancialsFinancial Services, Main Market",0.535,0.005,0.9%,0.520-0.785,"14,477",2.11,3.22,1.184,25.33,6.02,1.78,0.45,4398.94,https://www.klsescreener.com/v2/stocks/view/1171/mbsb-berhad
TIENWAH,7374,"Industrial ServicesIndustrial Products & Services, Main Market",0.690,0,0%,0.660-0.850,0,3.06,5.6,1.74,22.56,8.12,1.76,0.40,99.87,https://www.klsescreener.com/v2/stocks/view/7374/tien-wah-press-holdings-berhad
TASHIN,0211,"MetalsIndustrial Products & Services, Ace Market",0.185,0,0%,0.185-0.255,24,1.37,0.5,0.79,13.55,2.70,1.73,0.23,64.56,https://www.klsescreener.com/v2/stocks/view/0211/tashin-holdings-berhad
JAKS,4723,"ConstructionConstruction, Main Market",0.180,-0.005,-2.7%,0.070-0.215,"517,350",1.05,0,0.61,17.14,0.00,1.72,0.30,472.73,https://www.klsescreener.com/v2/stocks/view/4723/jaks-resources-berhad
WAJA,0102,"ConstructionConstruction, Ace Market",0.045,0,0%,0.025-0.060,0,0.07,0,0.04,65.94,0.00,1.71,1.13,50.18,https://www.klsescreener.com/v2/stocks/view/0102/waja-konsortium-berhad
SHCHAN,4316,"PlantationPlantation, Main Market",0.210,-0.005,-2.3%,0.205-0.270,20,1.17,0,0.7,17.97,0.00,1.67,0.30,87.82,https://www.klsescreener.com/v2/stocks/view/4316/sin-heng-chan-malaya-berhad
KHIND,7062,"Houshold GoodsConsumer Products & Services, Main Market",1.300,0,0%,1.250-1.880,0,8.13,10,4.93,15.98,7.69,1.65,0.26,54.65,https://www.klsescreener.com/v2/stocks/view/7062/khind-holdings-berhad
SEAL,4286,"PropertyProperty, Main Market",0.625,-0.005,-0.8%,0.570-0.790,294,1.42,0,0.866,43.90,0.00,1.64,0.72,281.13,https://www.klsescreener.com/v2/stocks/view/4286/seal-incorporated-berhad
LBICAP,8494,"PropertyProperty, Main Market",0.505,0,0%,0.335-0.565,450,2.07,0,1.26,24.43,0.00,1.64,0.40,58.03,https://www.klsescreener.com/v2/stocks/view/8494/lbi-capital-bhd
MASTER,7029,"Packaging MaterialsIndustrial Products & Services, Main Market",1.550,0,0%,1.410-2.490,80,4.90,4,3.11,31.63,2.58,1.58,0.50,84.66,https://www.klsescreener.com/v2/stocks/view/7029/master-pack-group-berhad
CANONE,5105,"Packaging MaterialsIndustrial Products & Services, Main Market",1.650,0,0%,1.430-1.900,0,14.37,4,9.157,11.48,2.42,1.57,0.18,317.05,https://www.klsescreener.com/v2/stocks/view/5105/can-one-bhd
CFM,8044,"Industrial ServicesIndustrial Products & Services, Main Market",0.075,-0.005,-6.2%,0.060-0.120,530,0.62,0,0.4,12.02,0.00,1.56,0.19,23.53,https://www.klsescreener.com/v2/stocks/view/8044/computer-forms-malaysia-berhad
BERTAM,9814,"PropertyProperty, Main Market",0.115,0,0%,0.090-0.145,271,0.48,0,0.32,23.77,0.00,1.51,0.36,55.64,https://www.klsescreener.com/v2/stocks/view/9814/bertam-alliance-berhad
SUM,0459,"Industrial ServicesIndustrial Products & Services, Ace Market",0.835,-0.005,-0.6%,0.395-0.860,"27,230",0.39,0,0.13,216.20,0.00,1.49,6.42,375.75,https://www.klsescreener.com/v2/stocks/view/0459/sum-technology-berhad
KYM,8362,"Packaging MaterialsIndustrial Products & Services, Main Market",0.300,-0.01,-3.2%,0.195-0.330,423,1.08,0,0.75,27.73,0.00,1.44,0.40,45.78,https://www.klsescreener.com/v2/stocks/view/8362/kym-holdings-berhad
MATANG,0189,"PlantationPlantation, Ace Market",0.070,0,0%,0.070-0.085,"3,560",0.14,0.22,0.1,48.58,3.14,1.44,0.70,167.24,https://www.klsescreener.com/v2/stocks/view/0189/matang-berhad
MESTRON,0207,"MetalsIndustrial Products & Services, Main Market",0.075,-0.005,-6.2%,0.070-0.215,820,0.20,0,0.14,37.79,0.00,1.42,0.54,75.06,https://www.klsescreener.com/v2/stocks/view/0207/mestron-holdings-berhad
EKSONS,9016,"Wood & Wood ProductsIndustrial Products & Services, Main Market",0.460,0,0%,0.370-0.510,0,3.15,2.5,2.26,14.62,5.43,1.39,0.20,75.54,https://www.klsescreener.com/v2/stocks/view/9016/eksons-corporation-berhad
UPA,7757,"Consumer ServicesConsumer Products & Services, Main Market",0.660,0,0%,0.600-0.690,500,1.53,4,1.11,43.15,6.06,1.38,0.59,157.57,https://www.klsescreener.com/v2/stocks/view/7757/upa-corporation-bhd
NAIM,5073,"PropertyProperty, Main Market",0.615,0.01,1.7%,0.605-0.935,"1,715",4.02,20.4,3.02,15.29,33.17,1.33,0.20,315.99,https://www.klsescreener.com/v2/stocks/view/5073/naim-holdings-berhad
UEMS,5148,"PropertyProperty, Main Market",0.500,0.015,3.1%,0.445-0.750,"56,705",1.80,1.43,1.36,27.74,2.86,1.33,0.37,2529.24,https://www.klsescreener.com/v2/stocks/view/5148/uem-sunrise-berhad
SG,5157,"Food & BeveragesConsumer Products & Services, Main Market",0.075,0,0%,0.050-0.150,12,1.02,0,0.771,7.39,0.00,1.32,0.10,11.71,https://www.klsescreener.com/v2/stocks/view/5157/saudigold-group-berhad
EFRAME,0227,"Building MaterialsIndustrial Products & Services, Ace Market",0.260,-0.01,-3.7%,0.230-0.440,219,0.42,0,0.322,61.45,0.00,1.32,0.81,101.02,https://www.klsescreener.com/v2/stocks/view/0227/econframe-berhad
APEX,5088,"Other FinancialsFinancial Services, Main Market",0.600,0,0%,0.580-0.910,0,2.43,0,1.86,24.73,0.00,1.30,0.32,134.54,https://www.klsescreener.com/v2/stocks/view/5088/apex-equity-holdings-bhd
AXIATA,6888,"Telecommunications Service ProvidersTelecommunications & Media, Main Market",1.620,0.03,1.9%,1.580-2.790,"60,073",2.72,10,2.15,59.47,6.17,1.27,0.75,14885.20,https://www.klsescreener.com/v2/stocks/view/6888/axiata-group-berhad
RKI,7006,"Houshold GoodsConsumer Products & Services, Main Market",0.990,0,0%,0.980-1.240,0,4.05,4,3.31,24.44,4.04,1.22,0.30,194.97,https://www.klsescreener.com/v2/stocks/view/7006/rhong-khen-international-berhad
STAR,6084,"MediaTelecommunications & Media, Main Market",0.295,0.005,1.7%,0.270-0.385,"1,137",1.14,1.5,0.941,25.96,5.08,1.21,0.31,217.88,https://www.klsescreener.com/v2/stocks/view/6084/star-media-group-berhad
SUNVIEW,0262,"Renewable EnergyEnergy, Ace Market",0.415,0.05,13.7%,0.295-0.425,"212,839",0.21,0,0.18,194.57,0.00,1.18,2.31,259.17,https://www.klsescreener.com/v2/stocks/view/0262/sunview-group-berhad
WCT,9679,"ConstructionConstruction, Main Market",0.345,0.005,1.5%,0.335-0.820,"137,751",2.55,0,2.16,13.51,0.00,1.18,0.16,538.14,https://www.klsescreener.com/v2/stocks/view/9679/wct-holdings-berhad
MALAKOF,5264,"ElectricityUtilities, Main Market",0.795,0.015,1.9%,0.730-1.100,"103,282",1.02,2.36,0.88,77.84,2.97,1.16,0.90,3975.00,https://www.klsescreener.com/v2/stocks/view/5264/malakoff-corporation-berhad
ASM,0362,"Industrial ServicesIndustrial Products & Services, Ace Market",0.130,0.005,4%,0.120-0.170,"3,110",0.13,0,0.11,102.84,0.00,1.15,1.18,69.52,https://www.klsescreener.com/v2/stocks/view/0362/asm-automation-group-berhad
RVIEW,2542,"PlantationPlantation, Main Market",3.030,0,0%,2.800-3.150,0,6.32,10,5.58,47.91,3.30,1.13,0.54,196.50,https://www.klsescreener.com/v2/stocks/view/2542/riverview-rubber-estates-berhad
ARREIT,5127,"Real Estate Investment TrustsReal Estate Investment Trusts, Main Market",0.390,-0.005,-1.3%,0.310-0.440,"2,035",1.42,1.59,1.259,27.45,4.08,1.13,0.31,223.56,https://www.klsescreener.com/v2/stocks/view/5127/amanahraya-reits
EAH,0154,"Digital ServicesTechnology, Ace Market",0.005,0,0%,0.005-0.010,0,0.01,0,0.01,45.82,0.00,1.09,0.50,32.26,https://www.klsescreener.com/v2/stocks/view/0154/ea-holdings-berhad
SCBUILD,0109,"ConstructionConstruction, Ace Market",0.010,0,0%,0.005-0.015,30,0.01,0,0.01,94.66,0.00,1.05,1.00,53.20,https://www.klsescreener.com/v2/stocks/view/0109/sc-estate-builder-berhad
SUNLOGY,0345,"ConstructionConstruction, Ace Market",0.460,0.02,4.5%,0.235-0.525,"72,832",0.18,0,0.17,261.40,0.00,1.03,2.71,354.20,https://www.klsescreener.com/v2/stocks/view/0345/es-sunlogy-berhad
GBGAQRS,5226,"ConstructionConstruction, Main Market",0.150,0,0%,0.140-0.215,"2,015",0.97,0,0.94,15.46,0.00,1.03,0.16,81.59,https://www.klsescreener.com/v2/stocks/view/5226/gabungan-aqrs-berhad
DPS,7198,"PropertyProperty, Main Market",0.510,0.005,1%,0.415-0.640,"3,211",1.00,0,0.97,50.99,0.00,1.03,0.53,141.81,https://www.klsescreener.com/v2/stocks/view/7198/dps-resources-berhad
TAGHILL,0241,"ConstructionConstruction, Ace Market",0.065,0,0%,0.050-0.085,23,0.07,0,0.07,91.13,0.00,1.02,0.93,101.15,https://www.klsescreener.com/v2/stocks/view/0241/taghill-holdings-berhad
ROHAS,9741,"Industrial EngineeringIndustrial Products & Services, Main Market",0.165,0.005,3.1%,0.155-0.310,682,0.66,0,0.68,25.17,0.00,0.96,0.24,77.99,https://www.klsescreener.com/v2/stocks/view/9741/rohas-tecnic-berhad
L&PBHD,0268,"Industrial ServicesIndustrial Products & Services, Main Market",0.250,0.03,13.6%,0.080-0.250,"55,545",0.18,0,0.19,137.99,0.00,0.95,1.32,140.20,https://www.klsescreener.com/v2/stocks/view/0268/l-p-global-berhad
LIFTECH,0462,"Industrial Materials, Components & EquipmentIndustrial Products & Services, Ace Market",0.195,-0.005,-2.5%,0.190-0.285,"3,155",0.37,0,0.2,52.94,0.00,0.92,0.97,61.41,https://www.klsescreener.com/v2/stocks/view/0462/liftech-group-berhad
RSAWIT,5113,"PlantationPlantation, Main Market",0.155,0,0%,0.145-0.215,"1,950",0.17,0,0.19,89.68,0.00,0.91,0.82,316.47,https://www.klsescreener.com/v2/stocks/view/5113/rimbunan-sawit-berhad
MRCB,1651,"PropertyProperty, Main Market",0.280,0.005,1.8%,0.260-0.525,"100,210",0.93,1,1.028,30.03,3.57,0.91,0.27,1250.90,https://www.klsescreener.com/v2/stocks/view/1651/malaysian-resources-corporation-berhad
TRC,5054,"ConstructionConstruction, Main Market",0.310,0.01,3.3%,0.260-0.400,"4,243",1.04,0.9,1.18,29.73,2.90,0.88,0.26,148.95,https://www.klsescreener.com/v2/stocks/view/5054/trc-synergy-bhd
FIHB,8605,"Houshold GoodsConsumer Products & Services, Main Market",0.270,0,0%,0.210-0.435,0,0.74,0,0.851,36.37,0.00,0.87,0.32,39.14,https://www.klsescreener.com/v2/stocks/view/8605/federal-international-holdings-berhad
ASIAFLE,7129,"Consumer ServicesConsumer Products & Services, Main Market",1.290,0,0%,1.250-1.550,60,3.30,2,3.846,39.10,1.55,0.86,0.34,252.81,https://www.klsescreener.com/v2/stocks/view/7129/asia-file-corporation-bhd
METROD,6149,"MetalsIndustrial Products & Services, Main Market",1.040,0,0%,1.030-1.320,20,3.86,6,4.591,26.93,5.77,0.84,0.23,124.80,https://www.klsescreener.com/v2/stocks/view/6149/metrod-holdings-berhad
FACBIND,2984,"MetalsIndustrial Products & Services, Main Market",1.230,0,0%,1.200-1.850,0,2.18,0,2.61,56.38,0.00,0.84,0.47,104.75,https://www.klsescreener.com/v2/stocks/view/2984/facb-industries-incorporated
MASTEEL,5098,"MetalsIndustrial Products & Services, Main Market",0.185,0,0%,0.180-0.325,"4,517",1.08,0,1.33,17.11,0.00,0.81,0.14,138.12,https://www.klsescreener.com/v2/stocks/view/5098/malaysia-steel-works-kl-bhd
MKLAND,8893,"PropertyProperty, Main Market",0.180,0.005,2.9%,0.125-0.195,"4,208",0.85,0,1.06,21.29,0.00,0.80,0.17,217.31,https://www.klsescreener.com/v2/stocks/view/8893/mk-land-holdings-bhd
RT,0461,"Food & BeveragesConsumer Products & Services, Ace Market",0.125,0,0%,0.120-0.180,"7,071",0.22,0,0.14,56.81,0.00,0.79,0.89,42.38,https://www.klsescreener.com/v2/stocks/view/0461/rt-pastry-holdings-berhad
CATCHA,0173,"MediaTelecommunications & Media, Ace Market",0.235,0.015,6.8%,0.200-0.345,239,0.14,0,0.19,167.55,0.00,0.74,1.24,106.90,https://www.klsescreener.com/v2/stocks/view/0173/catcha-digital-berhad
TURBO,5167,"Industrial Materials, Components & EquipmentIndustrial Products & Services, Main Market",0.335,0,0%,0.300-0.630,0,0.76,0.5,1.05,43.96,1.49,0.73,0.32,36.18,https://www.klsescreener.com/v2/stocks/view/5167/turbo-mech-berhad
ORNA,5065,"Packaging MaterialsIndustrial Products & Services, Main Market",0.710,0.01,1.4%,0.555-0.875,90,1.95,1.5,2.71,36.44,2.11,0.72,0.26,53.43,https://www.klsescreener.com/v2/stocks/view/5065/ornapaper-bhd
ASTRO,6399,"MediaTelecommunications & Media, Main Market",0.055,0,0%,0.050-0.155,"44,155",0.17,0,0.247,31.94,0.00,0.70,0.22,288.25,https://www.klsescreener.com/v2/stocks/view/6399/astro-malaysia-holdings-berhad
ZHULIAN,5131,"Consumer ServicesConsumer Products & Services, Main Market",0.660,-0.005,-0.8%,0.650-1.120,288,0.58,10.5,0.885,113.33,15.91,0.66,0.75,303.60,https://www.klsescreener.com/v2/stocks/view/5131/zhulian-corporation-berhad
CHOOBEE,5797,"MetalsIndustrial Products & Services, Main Market",0.490,0,0%,0.480-0.580,0,1.92,0,3.03,25.51,0.00,0.63,0.16,96.79,https://www.klsescreener.com/v2/stocks/view/5797/choo-bee-metal-industries-bhd
LSTEEL,9881,"MetalsIndustrial Products & Services, Main Market",0.365,0,0%,0.310-0.480,0,1.39,0,2.21,26.25,0.00,0.63,0.17,58.74,https://www.klsescreener.com/v2/stocks/view/9881/leader-steel-holdings-bhd
BSLCORP,7221,"MetalsIndustrial Products & Services, Main Market",0.015,-0.005,-25%,0.010-0.025,"3,380",0.06,0,0.1,24.17,0.00,0.62,0.15,33.33,https://www.klsescreener.com/v2/stocks/view/7221/bsl-corporation-berhad
MELEWAR,3778,"MetalsIndustrial Products & Services, Main Market",0.125,0.005,4.2%,0.115-0.180,320,0.72,0,1.18,17.29,0.00,0.61,0.11,44.93,https://www.klsescreener.com/v2/stocks/view/3778/melewar-industrial-group-bhd
EURO,7208,"Consumer ServicesConsumer Products & Services, Main Market",0.065,0,0%,0.045-0.095,610,0.04,0,0.067,159.44,0.00,0.61,0.97,122.93,https://www.klsescreener.com/v2/stocks/view/7208/euro-holdings-berhad
UCREST,0005,"Technology EquipmentTechnology, Ace Market",0.060,-0.005,-7.7%,0.055-0.100,"39,538",0.04,0,0.06,165.91,0.00,0.60,1.00,44.63,https://www.klsescreener.com/v2/stocks/view/0005/ucrest-berhad
HEXZA,3298,"ChemicalsIndustrial Products & Services, Main Market",1.070,0,0%,0.800-1.130,703,1.46,5,2.44,73.21,4.67,0.60,0.44,220.00,https://www.klsescreener.com/v2/stocks/view/3298/hexza-corporation-bhd
ANEKA,0226,"ConstructionConstruction, Ace Market",0.100,0.005,5.3%,0.095-0.155,11,0.08,0,0.137,124.91,0.00,0.58,0.73,69.45,https://www.klsescreener.com/v2/stocks/view/0226/aneka-jaringan-holdings-berhad
ASIABRN,7722,"Personal GoodsConsumer Products & Services, Main Market",0.400,0,0%,0.400-0.565,0,0.56,1,1.03,71.64,2.50,0.54,0.39,93.06,https://www.klsescreener.com/v2/stocks/view/7722/asia-brands-berhad
KPSCB,9121,"Wood & Wood ProductsIndustrial Products & Services, Main Market",0.565,-0.025,-4.2%,0.520-0.860,20,1.08,0,2.13,52.53,0.00,0.51,0.27,91.87,https://www.klsescreener.com/v2/stocks/view/9121/kps-consortium-bhd
AEMULUS,0181,"Technology EquipmentTechnology, Ace Market",0.455,-0.005,-1.1%,0.100-0.480,"76,504",0.08,0,0.17,551.40,0.00,0.48,2.68,306.03,https://www.klsescreener.com/v2/stocks/view/0181/aemulus-holdings-berhad
MELATI,5129,"ConstructionConstruction, Main Market",0.480,-0.005,-1%,0.450-0.560,100,1.05,1,2.18,45.86,2.08,0.48,0.22,57.60,https://www.klsescreener.com/v2/stocks/view/5129/melati-ehsan-holdings-berhad
PENSONI,9997,"Houshold GoodsConsumer Products & Services, Main Market",0.430,0.015,3.6%,0.300-0.600,10,0.41,0,0.88,106.08,0.00,0.46,0.49,67.68,https://www.klsescreener.com/v2/stocks/view/9997/pensonic-holdings-berhad
IJM,3336,"ConstructionConstruction, Main Market",2.850,0.07,2.5%,2.050-3.070,"179,367",1.23,10,2.81,230.79,3.51,0.44,1.01,10395.56,https://www.klsescreener.com/v2/stocks/view/3336/ijm-corporation-berhad
TCS,0221,"ConstructionConstruction, Ace Market",0.085,0,0%,0.060-0.135,0,0.06,0,0.13,153.85,0.00,0.42,0.65,56.16,https://www.klsescreener.com/v2/stocks/view/0221/tcs-group-holdings-berhad
AFUJIYA,5198,"Auto PartsIndustrial Products & Services, Main Market",0.225,0,0%,0.195-0.345,0,0.41,0,0.97,55.18,0.00,0.42,0.23,40.50,https://www.klsescreener.com/v2/stocks/view/5198/abm-fujiya-berhad
GOB,1147,"PropertyProperty, Main Market",0.080,0.005,6.7%,0.070-0.140,2,0.18,0,0.56,44.91,0.00,0.32,0.14,36.37,https://www.klsescreener.com/v2/stocks/view/1147/global-oriental-berhad
SKPRES,7155,"Industrial Materials, Components & EquipmentIndustrial Products & Services, Main Market",0.385,0.01,2.7%,0.265-0.905,"75,178",0.16,1.04,0.6,239.80,2.70,0.27,0.64,601.65,https://www.klsescreener.com/v2/stocks/view/7155/skp-resources-bhd
ELRIDGE,0318,"Renewable EnergyEnergy, Ace Market",0.920,-0.01,-1.1%,0.715-1.520,"27,935",3.56,0,13.6,25.82,0.00,0.26,0.07,1840.00,https://www.klsescreener.com/v2/stocks/view/0318/elridge-energy-holdings-berhad
FCW,2755,"Houshold GoodsConsumer Products & Services, Main Market",1.700,-0.11,-6.1%,1.600-2.200,4,0.26,0,1.05,644.90,0.00,0.25,1.62,424.99,https://www.klsescreener.com/v2/stocks/view/2755/fcw-holdings-bhd
TANCO,2429,"PropertyProperty, Main Market",0.150,0,0%,0.120-1.780,"104,253",0.01,0,0.061,"1,025.75",0.00,0.24,2.48,920.10,https://www.klsescreener.com/v2/stocks/view/2429/tanco-holdings-berhad
MMM,0159,"MediaTelecommunications & Media, Main Market",0.015,0,0%,0.015-0.015,0,1.32,0,5.56,1.14,0.00,0.24,0.00,4.67,https://www.klsescreener.com/v2/stocks/view/0159/mmm-group-berhad
OFB,0312,"Food & BeveragesConsumer Products & Services, Ace Market",0.135,0.005,3.8%,0.120-0.250,"1,870",0.07,0.5,0.29,205.58,3.70,0.23,0.47,28.37,https://www.klsescreener.com/v2/stocks/view/0312/ocean-fresh-berhad
JISHAN,03040,"Packaging MaterialsIndustrial Products & Services, Leap Market",0.690,0,0%,0.690-0.690,0,6.78,0,34.11,10.18,0.00,0.20,0.02,162.25,https://www.klsescreener.com/v2/stocks/view/03040/jishan-berhad
OGM,0389,"Industrial ServicesIndustrial Products & Services, Ace Market",0.150,0.005,3.4%,0.115-0.240,"4,308",0.03,0,0.12,512.87,0.00,0.18,1.25,46.50,https://www.klsescreener.com/v2/stocks/view/0389/one-gasmaster-holdings-berhad
SEACERA,7073,"Building MaterialsIndustrial Products & Services, Main Market",0.060,0,0%,0.060-0.060,0,0.18,0,1.15,33.72,0.00,0.15,0.05,37.33,https://www.klsescreener.com/v2/stocks/view/7073/seacera-group-berhad
GCAP,7676,"Transportation & Logistics ServicesTransportation & Logistics, Main Market",0.145,0,0%,0.110-0.255,"3,042",0.03,0,0.194,485.14,0.00,0.15,0.75,47.54,https://www.klsescreener.com/v2/stocks/view/7676/g-capital-berhad
VSOLAR,0066,"SoftwareTechnology, Ace Market",0.040,0,0%,0.025-0.055,"4,559",0.03,0,0.193,146.25,0.00,0.14,0.21,19.89,https://www.klsescreener.com/v2/stocks/view/0066/vsolar-group-berhad
SENHENG,5305,"RetailersConsumer Products & Services, Main Market",0.105,0,0%,0.095-0.230,"6,253",0.04,0.19,0.365,233.68,1.81,0.12,0.29,157.50,https://www.klsescreener.com/v2/stocks/view/5305/senheng-new-retail-berhad
ICAP,5108,"Closed End FundClosed-End Fund, Main Market",2.480,0.01,0.4%,2.400-2.530,281,0.44,13.54,4.38,560.53,5.46,0.10,0.57,349.77,https://www.klsescreener.com/v2/stocks/view/5108/icapital-biz-berhad
CARIMIN,5257,"Energy, Infrastructure, Equipment & ServicesEnergy, Main Market",0.390,0,0%,0.340-0.595,10,9.61,3.56,98.1,4.06,9.13,0.10,0.00,91.21,https://www.klsescreener.com/v2/stocks/view/5257/carimin-petroleum-berhad
SBCCORP,5207,"PropertyProperty, Main Market",0.250,0,0%,0.220-0.340,869,0.16,0,1.66,157.40,0.00,0.10,0.15,64.53,https://www.klsescreener.com/v2/stocks/view/5207/sbc-corporation-berhad
PLINTAS,5320,"Business TrustBusiness Trust, Main Market",0.840,-0.01,-1.2%,0.840-0.995,"2,275",3.61,6.54,53.32,23.27,7.79,0.07,0.02,924.00,https://www.klsescreener.com/v2/stocks/view/5320/prolintas-infra-business-trust
KAREX,5247,"Personal GoodsConsumer Products & Services, Main Market",0.460,-0.01,-2.1%,0.430-1.050,576,0.03,1,0.42,"1,665.26",2.17,0.07,1.10,484.59,https://www.klsescreener.com/v2/stocks/view/5247/karex-berhad
SEEHUP,7053,"Transportation & Logistics ServicesTransportation & Logistics, Main Market",0.680,0,0%,0.600-0.800,0,2.64,0,92.41,25.74,0.00,0.03,0.01,54.69,https://www.klsescreener.com/v2/stocks/view/7053/see-hup-consolidated-berhad
CME,7018,"Industrial ServicesIndustrial Products & Services, Main Market",0.010,0,0%,0.005-0.015,0,0.00,0,0.045,806.08,0.00,0.03,0.22,12.09,https://www.klsescreener.com/v2/stocks/view/7018/cme-group-berhad
SCGM,7247,"Packaging MaterialsIndustrial Products & Services, Main Market",0.340,0,0%,0.280-0.590,"3,921",0.01,25,0.599,"5,485.32",73.53,0.01,0.57,65.82,https://www.klsescreener.com/v2/stocks/view/7247/scgm-bhd
GDEX,0078,"Transportation & Logistics ServicesTransportation & Logistics, Main Market",0.130,0,0%,0.095-0.150,"17,448",0.00,0.2,0.07,"38,599.13",1.54,0.00,1.86,733.38,https://www.klsescreener.com/v2/stocks/view/0078/gdex-berhad
DIN045801028,0400GB,"Islamic GGBond Islamic, Bond & Loan",102.500,0,0%,101.720-104.300,0,,0,,,0.00,0.00,,102.50,https://www.klsescreener.com/v2/stocks/view/0400GB/danainfra-nasional-berhad
NWEBHD,0478,",",0.200,0,0%,-,0,,0,,,0.00,0.00,,0.00,https://www.klsescreener.com/v2/stocks/view/0478/nwe-resources-group-berhad
RPLANET,0479,",",0.190,0,0%,-,0,,0,,,0.00,0.00,,0.00,https://www.klsescreener.com/v2/stocks/view/0479/redplanet-berhad
ALLIANZ-PA,1163PA,"InsuranceFinancial Services, Main Market",21.000,-0.48,-2.2%,17.740-23.340,29,,0,,,0.00,0.00,,3400.85,https://www.klsescreener.com/v2/stocks/view/1163PA/allianz-malaysia-berhad-icps
OMH,5298,"MetalsIndustrial Products & Services, Main Market",0.605,0.005,0.8%,0.570-0.940,1,,0,,,0.00,0.00,,446.87,https://www.klsescreener.com/v2/stocks/view/5298/om-holdings-limited
UMSINT,5340,"Industrial Materials, Components & EquipmentIndustrial Products & Services, Main Market",8.980,0.18,2%,3.344-9.590,887,,0,,,0.00,0.00,,7975.75,https://www.klsescreener.com/v2/stocks/view/5340/ums-integration-limited
GPP,03029,"Industrial ServicesIndustrial Products & Services, Leap Market",0.280,0,0%,0.280-0.280,0,-1.96,0,-0.15,-14.27,0.00,0.00,-1.87,43.43,https://www.klsescreener.com/v2/stocks/view/03029/gpp-resources-berhad
SGBHD,03033,"Industrial ServicesIndustrial Products & Services, Leap Market",0.250,0,0%,0.205-0.250,0,-9.89,0,-0.015,-2.53,0.00,0.00,-16.13,29.11,https://www.klsescreener.com/v2/stocks/view/03033/supergenics-berhad
MCOM,03022,"Digital ServicesTechnology, Leap Market",0.050,0,0%,0.010-0.050,0,-3.35,0,-1.19,-1.49,0.00,0.00,-0.04,9.79,https://www.klsescreener.com/v2/stocks/view/03022/mcom-holdings-berhad
HOHUP,5169,"ConstructionConstruction, Main Market",0.035,0,0%,0.015-0.075,0,-2.38,0,-0.32,-1.47,0.00,0.00,-0.11,18.14,https://www.klsescreener.com/v2/stocks/view/5169/ho-hup-construction-company-bhd
JAGAAPP,03002,"Digital ServicesTechnology, Leap Market",0.050,0,0%,0.050-0.050,0,0.94,0,-0.01,5.32,0.00,0.00,-5.00,5.25,https://www.klsescreener.com/v2/stocks/view/03002/jagasolution-berhad
ABFMY1,0800EA,"Bond FundETF-Bond, ETF",1.168,0,0%,1.154-1.300,0,12.78,4.71,0,9.14,4.03,0.00,,1734.97,https://www.klsescreener.com/v2/stocks/view/0800EA/abf-malaysia-bond-index-fund
F4GBM-EA,0820EA,"Equity FundETF-Equity, ETF",1.820,-0.01,-0.5%,1.710-1.920,16,2.15,4.28,0,84.53,2.35,0.00,,7.61,https://www.klsescreener.com/v2/stocks/view/0820EA/ftse4good-bursa-malaysia-etf
PMIBHD,0361,"Industrial EngineeringIndustrial Products & Services, Ace Market",0.220,0.005,2.3%,0.195-0.265,12,-0.13,0.2,14.05,-165.59,0.91,-0.01,0.02,201.52,https://www.klsescreener.com/v2/stocks/view/0361/pan-merchant-berhad
CROESUS,03066,"SoftwareTechnology, Leap Market",0.230,0,0%,0.150-0.230,0,-0.01,0.3,0.04,"-3,833.33",1.30,-0.08,5.75,23.00,https://www.klsescreener.com/v2/stocks/view/03066/croesus-it-holdings-berhad
SMILE,03023,"Health Care ProvidersHealth Care, Leap Market",0.100,0,0%,0.010-0.120,0,-0.95,0,10.66,-10.57,0.00,-0.09,0.01,25.22,https://www.klsescreener.com/v2/stocks/view/03023/smile-link-healthcare-global-berhad
PIE,7095,"Industrial Materials, Components & EquipmentIndustrial Products & Services, Main Market",1.650,0.01,0.6%,1.100-3.710,"4,998",-0.19,2,1.69,-863.31,1.21,-0.11,0.98,633.67,https://www.klsescreener.com/v2/stocks/view/7095/p-i-e-industrial-bhd
INNATURE,5295,"Personal GoodsConsumer Products & Services, Main Market",0.130,0,0%,0.130-0.220,0,-0.02,1,0.166,-641.71,7.69,-0.12,0.78,91.76,https://www.klsescreener.com/v2/stocks/view/5295/innature-berhad
NOESIS,03071,"Consumer ServicesConsumer Products & Services, Leap Market",1.460,0,0%,1.300-1.460,0,-0.20,0,0.323,-724.98,0.00,-0.16,4.53,29.00,https://www.klsescreener.com/v2/stocks/view/03071/noesis-exed-berhad
ABLEGRP,7086,"Building MaterialsIndustrial Products & Services, Main Market",0.095,0,0%,0.055-0.110,0,-0.03,0,0.16,-321.42,0.00,-0.18,0.59,25.07,https://www.klsescreener.com/v2/stocks/view/7086/ablegroup-berhad
SRIDGE,0129,"Telecommunications EquipmentTelecommunications & Media, Ace Market",0.120,0.005,4.3%,0.100-0.400,"4,059",-0.04,0,0.18,-288.24,0.00,-0.23,0.67,49.29,https://www.klsescreener.com/v2/stocks/view/0129/silver-ridge-holdings-bhd
PUC,0007,"MediaTelecommunications & Media, Ace Market",0.035,-0.005,-12.5%,0.010-0.045,"270,210",-1.24,0,3.84,-2.82,0.00,-0.32,0.01,106.68,https://www.klsescreener.com/v2/stocks/view/0007/puc-berhad
CHINWEL,5007,"Industrial Materials, Components & EquipmentIndustrial Products & Services, Main Market",0.750,0,0%,0.645-0.860,482,-0.70,1.05,2.14,-107.85,1.40,-0.32,0.35,224.65,https://www.klsescreener.com/v2/stocks/view/5007/chin-well-holdings-bhd
CNH,5104,"Consumer ServicesConsumer Products & Services, Main Market",0.040,0.005,14.3%,0.035-0.050,"2,000",-0.03,0,0.09,-130.32,0.00,-0.34,0.44,28.80,https://www.klsescreener.com/v2/stocks/view/5104/citra-nusa-holdings-berhad
GENTING,3182,"Travel, Leisure & HospitalityConsumer Products & Services, Main Market",1.880,0.04,2.2%,1.800-3.590,"26,895",-4.79,5,7.62,-39.25,2.66,-0.63,0.25,7288.56,https://www.klsescreener.com/v2/stocks/view/3182/genting-bhd
PCHEM,5183,"ChemicalsIndustrial Products & Services, Main Market",4.280,0.02,0.5%,2.830-6.160,"55,193",-2.85,7,4.49,-150.18,1.64,-0.63,0.95,34240.00,https://www.klsescreener.com/v2/stocks/view/5183/petronas-chemicals-group-berhad
FITTERS,9318,"Industrial Materials, Components & EquipmentIndustrial Products & Services, Main Market",0.020,-0.005,-20%,0.015-0.040,200,-0.11,0,0.169,-18.24,0.00,-0.65,0.12,47.08,https://www.klsescreener.com/v2/stocks/view/9318/fitters-diversified-berhad
DUTALND,3948,"PlantationPlantation, Main Market",0.285,-0.01,-3.4%,0.255-0.350,413,-0.96,0,1.46,-29.83,0.00,-0.65,0.20,241.14,https://www.klsescreener.com/v2/stocks/view/3948/dutaland-berhad
BENALEC,5190,"ConstructionConstruction, Main Market",0.065,0,0%,0.060-0.110,"4,053",-0.24,0,0.36,-27.32,0.00,-0.66,0.18,67.05,https://www.klsescreener.com/v2/stocks/view/5190/benalec-holdings-berhad
LEBTECH,9628,"ConstructionConstruction, Main Market",0.860,0,0%,0.805-0.905,0,-0.57,0,0.85,-151.84,0.00,-0.67,1.01,117.38,https://www.klsescreener.com/v2/stocks/view/9628/lebtech-berhad
ELSA,0458,"Energy, Infrastructure, Equipment & ServicesEnergy, Ace Market",0.195,0,0%,0.190-0.275,"2,360",-0.19,0,0.14,-101.34,0.00,-0.69,1.39,104.99,https://www.klsescreener.com/v2/stocks/view/0458/elsa-berhad
MUDA,3883,"Packaging MaterialsIndustrial Products & Services, Main Market",0.715,-0.005,-0.7%,0.700-0.965,15,-3.22,0,4.16,-22.20,0.00,-0.77,0.17,218.11,https://www.klsescreener.com/v2/stocks/view/3883/muda-holdings-bhd
VOLCANO,0232,"Industrial ServicesIndustrial Products & Services, Ace Market",0.260,0,0%,0.220-0.495,"3,632",-0.45,0.52,0.55,-57.38,2.00,-0.82,0.47,47.22,https://www.klsescreener.com/v2/stocks/view/0232/volcano-berhad
EFFICEN,0064,"Industrial ServicesIndustrial Products & Services, Main Market",0.085,0,0%,0.065-0.135,181,-0.17,0,0.18,-50.71,0.00,-0.93,0.47,78.75,https://www.klsescreener.com/v2/stocks/view/0064/efficient-e-solutions-berhad
WAVEFRNT,8176,"Industrial Materials, Components & EquipmentIndustrial Products & Services, Main Market",0.150,0.01,7.1%,0.100-0.255,"5,696",-0.30,0,0.3,-50.18,0.00,-1.00,0.50,180.66,https://www.klsescreener.com/v2/stocks/view/8176/wavefront-berhad
KAWAN,7216,"Food & BeveragesConsumer Products & Services, Main Market",0.700,0,0%,0.675-1.060,200,-1.06,1,1.06,-66.21,1.43,-1.00,0.66,254.83,https://www.klsescreener.com/v2/stocks/view/7216/kawan-food-berhad
SBH,0300,"Agricultural ProductsConsumer Products & Services, Ace Market",0.165,-0.005,-2.9%,0.135-0.200,504,-0.14,0.25,0.14,-117.31,1.52,-1.00,1.18,146.52,https://www.klsescreener.com/v2/stocks/view/0300/sbh-marine-holdings-berhad
HEXCAP,0035,"Telecommunications EquipmentTelecommunications & Media, Ace Market",0.165,0.005,3.1%,0.150-0.255,196,-0.46,0,0.46,-35.50,0.00,-1.01,0.36,95.87,https://www.klsescreener.com/v2/stocks/view/0035/hextar-capital-berhad
ZECON,7028,"ConstructionConstruction, Main Market",0.460,0,0%,0.420-0.525,0,-1.86,0,1.81,-24.79,0.00,-1.03,0.25,73.54,https://www.klsescreener.com/v2/stocks/view/7028/zecon-berhad
OCR,7071,"ConstructionConstruction, Main Market",0.050,0,0%,0.030-0.050,"3,852",-0.09,0,0.09,-53.23,0.00,-1.04,0.56,167.04,https://www.klsescreener.com/v2/stocks/view/7071/ocr-group-berhad
ENPRO,0367,"Energy, Infrastructure, Equipment & ServicesEnergy, Ace Market",0.265,0,0%,0.190-0.340,"9,315",-0.11,0,0.11,-230.34,0.00,-1.04,2.41,278.25,https://www.klsescreener.com/v2/stocks/view/0367/enproserve-group-berhad
INCKEN,2607,"PlantationPlantation, Main Market",0.515,0.015,3%,0.330-0.725,61,-1.68,0,1.58,-30.59,0.00,-1.07,0.33,216.69,https://www.klsescreener.com/v2/stocks/view/2607/inch-kenneth-kajang-rubber-plc
LANDMRK,1643,"Travel, Leisure & HospitalityConsumer Products & Services, Main Market",0.040,0.005,14.3%,0.025-0.160,"14,016",-2.99,0,2.68,-1.34,0.00,-1.11,0.01,26.86,https://www.klsescreener.com/v2/stocks/view/1643/landmarks-berhad
DAY3,0281,"Consumer ServicesConsumer Products & Services, Ace Market",0.120,0,0%,0.090-0.200,41,-0.11,0.57,0.1,-104.58,4.75,-1.15,1.20,80.00,https://www.klsescreener.com/v2/stocks/view/0281/daythree-digital-berhad
NEXGBINA,7154,"Personal GoodsConsumer Products & Services, Main Market",0.030,0.005,20%,0.020-0.085,"10,686",-0.18,0,0.15,-17.06,0.00,-1.17,0.20,36.98,https://www.klsescreener.com/v2/stocks/view/7154/nexg-bina-berhad
TRIVE,0118,"Renewable EnergyEnergy, Main Market",0.015,0,0%,0.010-0.025,270,-0.10,0,0.08,-14.41,0.00,-1.30,0.19,21.47,https://www.klsescreener.com/v2/stocks/view/0118/trive-property-group-berhad
POWER,0377,"Industrial Materials, Components & EquipmentIndustrial Products & Services, Ace Market",0.170,0.005,3%,0.115-0.405,200,-0.16,0,0.12,-107.23,0.00,-1.32,1.42,52.76,https://www.klsescreener.com/v2/stocks/view/0377/powertechnic-group-berhad
MFGROUP,0450,"Consumer ServicesConsumer Products & Services, Ace Market",0.305,0.035,13%,0.255-0.380,"13,255",-0.48,0,0.18,-62.95,0.00,-1.35,1.69,121.99,https://www.klsescreener.com/v2/stocks/view/0450/manforce-group-berhad
WTHORSE,5009,"Building MaterialsIndustrial Products & Services, Main Market",0.490,0,0%,0.450-0.820,0,-3.34,0,2.45,-14.67,0.00,-1.36,0.20,117.60,https://www.klsescreener.com/v2/stocks/view/5009/white-horse-bhd
HWGB,9601,"Industrial Materials, Components & EquipmentIndustrial Products & Services, Main Market",0.080,0.005,6.7%,0.075-0.195,803,-0.49,0,0.34,-16.43,0.00,-1.43,0.24,19.73,https://www.klsescreener.com/v2/stocks/view/9601/ho-wah-genting-berhad
SUBUR,6904,"Wood & Wood ProductsIndustrial Products & Services, Main Market",0.700,0,0%,0.555-0.850,0,-5.46,0,3.42,-12.83,0.00,-1.60,0.20,146.30,https://www.klsescreener.com/v2/stocks/view/6904/subur-tiasa-holdings-berhad
HUAYANG,5062,"PropertyProperty, Main Market",0.175,0,0%,0.170-0.260,433,-1.89,0,1.11,-9.24,0.00,-1.71,0.16,77.00,https://www.klsescreener.com/v2/stocks/view/5062/hua-yang-berhad
RGTBHD,9954,"ChemicalsIndustrial Products & Services, Main Market",0.415,-0.015,-3.5%,0.160-0.450,"2,793",-0.71,0,0.41,-58.83,0.00,-1.72,1.01,146.42,https://www.klsescreener.com/v2/stocks/view/9954/rgt-berhad
XINHWA,5267,"Transportation & Logistics ServicesTransportation & Logistics, Main Market",0.160,0,0%,0.110-0.195,0,-1.58,0,0.86,-10.15,0.00,-1.83,0.19,40.91,https://www.klsescreener.com/v2/stocks/view/5267/xin-hwa-holdings-berhad
BDB,6173,"PropertyProperty, Main Market",0.175,0,0%,0.165-0.330,"1,486",-2.90,0,1.55,-6.03,0.00,-1.87,0.11,53.17,https://www.klsescreener.com/v2/stocks/view/6173/bina-darulaman-berhad
HHRG,0175,"Industrial Materials, Components & EquipmentIndustrial Products & Services, Ace Market",0.145,0,0%,0.050-0.215,"57,653",-0.43,0,0.23,-33.58,0.00,-1.88,0.63,195.60,https://www.klsescreener.com/v2/stocks/view/0175/hhrg-berhad
GKENT,3204,"ConstructionConstruction, Main Market",0.265,-0.005,-1.9%,0.235-0.365,695,-1.69,1.5,0.892,-15.67,5.66,-1.90,0.30,149.27,https://www.klsescreener.com/v2/stocks/view/3204/george-kent-malaysia-berhad
GOPENG,2135,"PlantationPlantation, Main Market",0.715,0,0%,0.670-0.950,0,-1.88,1,0.953,-38.02,1.40,-1.97,0.75,288.50,https://www.klsescreener.com/v2/stocks/view/2135/gopeng-berhad
GOLDLI,0452,"PropertyProperty, Ace Market",0.090,0.01,12.5%,0.070-0.130,"21,449",-0.55,0,0.21,-16.24,0.00,-1.98,0.43,54.00,https://www.klsescreener.com/v2/stocks/view/0452/gold-li-holdings-berhad
TSIC,03062,"Industrial ServicesIndustrial Products & Services, Leap Market",0.100,0,0%,0.100-0.100,0,-0.07,0,0.025,-149.57,0.00,-2.00,4.00,38.89,https://www.klsescreener.com/v2/stocks/view/03062/tsic-berhad
EIG,5081,"Personal GoodsConsumer Products & Services, Main Market",0.200,0.02,11.1%,0.175-0.300,105,-1.25,0,0.62,-16.02,0.00,-2.01,0.32,47.44,https://www.klsescreener.com/v2/stocks/view/5081/esthetics-international-group-berhad
POHUAT,7088,"Houshold GoodsConsumer Products & Services, Main Market",0.625,-0.015,-2.3%,0.610-0.960,"2,109",-3.58,8,1.739,-17.48,12.80,-2.06,0.36,173.94,https://www.klsescreener.com/v2/stocks/view/7088/poh-huat-resources-holdings-berhad
SPRING,0216,"Houshold GoodsConsumer Products & Services, Ace Market",0.100,-0.005,-4.8%,0.085-0.180,236,-0.44,0.7,0.21,-22.99,7.00,-2.07,0.48,41.57,https://www.klsescreener.com/v2/stocks/view/0216/spring-art-holdings-berhad
PLABS,0171,"Agricultural ProductsConsumer Products & Services, Ace Market",0.225,0.015,7.1%,0.100-0.280,760,-0.57,0,0.274,-39.27,0.00,-2.09,0.82,61.92,https://www.klsescreener.com/v2/stocks/view/0171/peterlabs-holdings-berhad
IWCITY,1589,"PropertyProperty, Main Market",0.200,-0.005,-2.4%,0.190-0.340,"7,932",-2.29,0,1.03,-8.75,0.00,-2.22,0.19,184.23,https://www.klsescreener.com/v2/stocks/view/1589/iskandar-waterfront-city-berhad
TSRCAP,5042,"ConstructionConstruction, Main Market",0.220,-0.015,-6.4%,0.190-0.300,5,-1.93,0,0.85,-11.41,0.00,-2.27,0.26,38.38,https://www.klsescreener.com/v2/stocks/view/5042/tsr-capital-bhd
AASIA,7054,"PlantationPlantation, Main Market",0.120,0.01,9.1%,0.075-0.120,"7,694",-0.52,0,0.23,-22.88,0.00,-2.28,0.52,83.08,https://www.klsescreener.com/v2/stocks/view/7054/astral-asia-berhad
PLS,9695,"PlantationPlantation, Main Market",0.210,0,0%,0.170-0.530,0,-1.37,0,0.6,-15.29,0.00,-2.29,0.35,92.32,https://www.klsescreener.com/v2/stocks/view/9695/pls-plantations-berhad
DGB,0152,"SoftwareTechnology, Ace Market",0.035,0,0%,0.025-0.050,420,-0.83,0,0.36,-4.21,0.00,-2.31,0.10,11.57,https://www.klsescreener.com/v2/stocks/view/0152/dgb-asia-berhad
IRIS,0010,"Technology EquipmentTechnology, Ace Market",0.180,-0.005,-2.7%,0.170-0.330,"1,038",-1.16,0.5,0.466,-15.46,2.78,-2.50,0.39,146.83,https://www.klsescreener.com/v2/stocks/view/0010/iris-group-berhad
K1,0111,"Technology EquipmentTechnology, Ace Market",0.165,0.005,3.1%,0.105-0.175,"41,390",-0.35,0,0.139,-47.40,0.00,-2.51,1.19,137.28,https://www.klsescreener.com/v2/stocks/view/0111/k-one-technology-berhad
VS,6963,"Industrial Materials, Components & EquipmentIndustrial Products & Services, Main Market",0.345,0.015,4.5%,0.170-0.580,"669,473",-1.36,0.8,0.54,-25.30,2.32,-2.52,0.64,1361.96,https://www.klsescreener.com/v2/stocks/view/6963/v-s-industry-berhad
ECOMATE,0239,"Houshold GoodsConsumer Products & Services, Main Market",0.870,0.005,0.6%,0.660-0.935,"26,259",-0.15,0,0.06,-563.77,0.00,-2.57,14.50,622.96,https://www.klsescreener.com/v2/stocks/view/0239/ecomate-holdings-berhad
NOTION,0083,"Technology EquipmentTechnology, Main Market",0.720,0.02,2.9%,0.350-0.760,"61,486",-2.10,0,0.797,-34.33,0.00,-2.63,0.90,379.40,https://www.klsescreener.com/v2/stocks/view/0083/notion-vtec-berhad
MAYU,7099,"MetalsIndustrial Products & Services, Main Market",0.125,0,0%,0.090-0.160,50,-3.14,0,1.16,-3.99,0.00,-2.70,0.11,60.31,https://www.klsescreener.com/v2/stocks/view/7099/mayu-global-group-berhad
XIN,7043,"Building MaterialsIndustrial Products & Services, Main Market",0.200,0.005,2.6%,0.160-0.235,"7,900",-0.98,0,0.36,-20.47,0.00,-2.71,0.56,113.86,https://www.klsescreener.com/v2/stocks/view/7043/xin-synergy-group-berhad
ETA,9946,"Food & BeveragesConsumer Products & Services, Main Market",0.130,0.005,4%,0.100-0.255,"1,114",-0.39,0,0.14,-33.53,0.00,-2.77,0.93,85.97,https://www.klsescreener.com/v2/stocks/view/9946/eta-group-berhad
SJC,9431,"MediaTelecommunications & Media, Main Market",0.470,0,0%,0.380-0.570,80,-1.01,1,0.36,-46.50,2.13,-2.81,1.31,195.68,https://www.klsescreener.com/v2/stocks/view/9431/seni-jaya-corporation-berhad
GREENTEC,7943,"Houshold GoodsConsumer Products & Services, Main Market",0.300,-0.005,-1.6%,0.050-0.375,"4,241",-0.31,0,0.11,-96.95,0.00,-2.81,2.73,269.62,https://www.klsescreener.com/v2/stocks/view/7943/greentronics-technology-berhad
CHHB,5738,"PropertyProperty, Main Market",0.145,0,0%,0.125-0.215,0,-5.02,0,1.76,-2.89,0.00,-2.85,0.08,47.24,https://www.klsescreener.com/v2/stocks/view/5738/country-heights-holdings-bhd
PUNCAK,6807,"ConstructionConstruction, Main Market",0.170,0,0%,0.155-0.280,150,-7.31,0,2.53,-2.33,0.00,-2.89,0.07,76.38,https://www.klsescreener.com/v2/stocks/view/6807/puncak-niaga-holdings-berhad
WATTA,7226,"Auto PartsIndustrial Products & Services, Main Market",0.460,0,0%,0.300-0.475,0,-1.65,0,0.57,-27.90,0.00,-2.89,0.81,38.86,https://www.klsescreener.com/v2/stocks/view/7226/watta-holding-berhad
LIONPSIM,8486,"Industrial ServicesIndustrial Products & Services, Main Market",0.290,0,0%,0.240-0.390,0,-9.73,0,3.24,-2.98,0.00,-3.00,0.09,67.16,https://www.klsescreener.com/v2/stocks/view/8486/lion-posim-berhad
LIIHEN,7089,"Houshold GoodsConsumer Products & Services, Main Market",0.235,0.005,2.2%,0.225-0.410,"5,699",-3.06,0.5,0.95,-7.68,2.13,-3.22,0.25,126.90,https://www.klsescreener.com/v2/stocks/view/7089/lii-hen-industries-bhd
NICE,7139,"Personal GoodsConsumer Products & Services, Main Market",0.075,-0.005,-6.2%,0.070-0.150,"59,874",-0.17,0,0.052,-44.27,0.00,-3.24,1.43,130.94,https://www.klsescreener.com/v2/stocks/view/7139/niche-capital-emas-hldg-bhd
OCNCASH,0049,"Personal GoodsConsumer Products & Services, Main Market",0.115,0.005,4.5%,0.110-0.230,176,-1.42,0,0.438,-8.09,0.00,-3.25,0.26,29.99,https://www.klsescreener.com/v2/stocks/view/0049/oceancash-pacific-berhad
VERDANT,0373,"Renewable EnergyEnergy, Ace Market",0.270,-0.005,-1.8%,0.175-0.385,"31,914",-0.23,0,0.07,-117.86,0.00,-3.27,3.86,220.76,https://www.klsescreener.com/v2/stocks/view/0373/verdant-solar-holdings-berhad
ETH,03021,"Consumer ServicesConsumer Products & Services, Leap Market",0.090,0,0%,0.090-0.180,0,-2.69,0,0.82,-3.35,0.00,-3.28,0.11,29.80,https://www.klsescreener.com/v2/stocks/view/03021/equitiestracker-holdings-berhad
PARLO,0022,"Travel, Leisure & HospitalityConsumer Products & Services, Ace Market",0.040,0.01,33.3%,0.020-0.055,"16,081",-0.14,0,0.04,-29.47,0.00,-3.39,1.00,27.38,https://www.klsescreener.com/v2/stocks/view/0022/parlo-berhad
BKAWAN,1899,"PlantationPlantation, Main Market",19.540,0,0%,18.800-21.780,93,-59.24,70,17.31,-32.98,3.58,-3.42,1.13,7806.92,https://www.klsescreener.com/v2/stocks/view/1899/batu-kawan-berhad
GCE,5592,"Travel, Leisure & HospitalityConsumer Products & Services, Main Market",0.435,0,0%,0.280-0.490,0,-2.78,0,0.81,-15.67,0.00,-3.43,0.54,85.70,https://www.klsescreener.com/v2/stocks/view/5592/grand-central-enterprises-bhd
SYNERGY,0279,"Houshold GoodsConsumer Products & Services, Ace Market",0.160,0,0%,0.160-0.420,0,-0.86,0,0.25,-18.58,0.00,-3.44,0.64,80.00,https://www.klsescreener.com/v2/stocks/view/0279/synergy-house-berhad
LEFORM,0266,"MetalsIndustrial Products & Services, Ace Market",0.170,0,0%,0.140-0.185,0,-0.51,0,0.146,-33.15,0.00,-3.52,1.17,276.95,https://www.klsescreener.com/v2/stocks/view/0266/leform-berhad
YONGTAI,7066,"PropertyProperty, Main Market",0.105,0,0%,0.100-0.160,"3,521",-1.66,0,0.47,-6.32,0.00,-3.54,0.22,61.11,https://www.klsescreener.com/v2/stocks/view/7066/yong-tai-berhad
LIENHOE,3573,"PropertyProperty, Main Market",0.100,0,0%,0.100-0.225,0,-2.51,0,0.68,-3.98,0.00,-3.69,0.15,36.17,https://www.klsescreener.com/v2/stocks/view/3573/lien-hoe-corporation-bhd
PERMAJU,7080,"AutomotiveConsumer Products & Services, Main Market",0.005,-0.005,-50%,0.005-0.015,200,-0.44,0,0.12,-1.13,0.00,-3.70,0.04,9.79,https://www.klsescreener.com/v2/stocks/view/7080/permaju-industries-bhd
SUPERMX,7106,"Health Care Equipment & ServicesHealth Care, Main Market",0.435,-0.01,-2.2%,0.250-0.530,"128,069",-4.71,0,1.26,-9.23,0.00,-3.74,0.35,1420.15,https://www.klsescreener.com/v2/stocks/view/7106/supermax-corporation-bhd
TROP,5401,"PropertyProperty, Main Market",1.170,0.01,0.9%,0.990-1.320,"3,271",-6.25,0,1.62,-18.71,0.00,-3.86,0.72,2941.66,https://www.klsescreener.com/v2/stocks/view/5401/tropicana-corporation-berhad
HEXRTL,7202,"Houshold GoodsConsumer Products & Services, Main Market",0.420,0.005,1.2%,0.330-0.550,275,-1.58,0,0.4,-26.65,0.00,-3.94,1.05,210.46,https://www.klsescreener.com/v2/stocks/view/7202/hextar-retail-berhad
GREENYB,0136,"Agricultural ProductsConsumer Products & Services, Main Market",0.140,-0.01,-6.7%,0.135-0.230,858,-0.90,0,0.224,-15.56,0.00,-4.01,0.62,79.27,https://www.klsescreener.com/v2/stocks/view/0136/greenyield-berhad
EUROSP,7094,"Houshold GoodsConsumer Products & Services, Main Market",3.040,0,0%,2.680-3.320,0,-3.82,0,0.928,-79.58,0.00,-4.12,3.28,135.04,https://www.klsescreener.com/v2/stocks/view/7094/eurospan-holdings-berhad
SMI,4375,"PropertyProperty, Main Market",0.185,-0.035,-15.9%,0.145-0.285,102,-2.59,0,0.62,-7.14,0.00,-4.18,0.30,38.84,https://www.klsescreener.com/v2/stocks/view/4375/south-malaysia-industries-bhd
BORNOIL,7036,"Industrial ServicesIndustrial Products & Services, Main Market",0.005,0,0%,0.005-0.010,160,-0.17,0,0.04,-2.95,0.00,-4.24,0.12,86.06,https://www.klsescreener.com/v2/stocks/view/7036/borneo-oil-berhad
WONG,7050,"Industrial Materials, Components & EquipmentIndustrial Products & Services, Main Market",0.170,0,0%,0.125-0.210,817,-1.27,0,0.3,-13.34,0.00,-4.25,0.57,42.86,https://www.klsescreener.com/v2/stocks/view/7050/wong-engineering-corporation-berhad
OWG,5260,"Travel, Leisure & HospitalityConsumer Products & Services, Main Market",0.190,0,0%,0.160-0.280,"26,619",-2.11,0,0.48,-9.02,0.00,-4.39,0.40,87.19,https://www.klsescreener.com/v2/stocks/view/5260/only-world-group-holdings-berhad
PARKSON,5657,"RetailersConsumer Products & Services, Main Market",0.165,0,0%,0.155-0.240,"3,117",-4.77,0,1.08,-3.46,0.00,-4.42,0.15,189.57,https://www.klsescreener.com/v2/stocks/view/5657/parkson-holdings-berhad
RALCO,7498,"ChemicalsIndustrial Products & Services, Main Market",1.010,-0.01,-1%,0.650-1.140,"15,049",-3.49,0,0.79,-28.92,0.00,-4.42,1.28,51.30,https://www.klsescreener.com/v2/stocks/view/7498/ralco-corporation-bhd
ENCORP,6076,"PropertyProperty, Main Market",0.185,0.005,2.8%,0.090-0.225,"1,540",-4.60,0,1.01,-4.02,0.00,-4.55,0.18,58.59,https://www.klsescreener.com/v2/stocks/view/6076/encorp-bhd
KNUSFOR,5035,"Industrial ServicesIndustrial Products & Services, Main Market",0.360,0,0%,0.330-0.675,0,-10.34,0,2.267,-3.48,0.00,-4.56,0.16,35.87,https://www.klsescreener.com/v2/stocks/view/5035/knusford-berhad
KLK,2445,"PlantationPlantation, Main Market",20.620,0.08,0.4%,18.600-23.180,"4,552",-51.25,60,11.11,-40.24,2.91,-4.61,1.86,23016.06,https://www.klsescreener.com/v2/stocks/view/2445/kuala-lumpur-kepong-berhad
FLBHD,5197,"Wood & Wood ProductsIndustrial Products & Services, Main Market",0.225,0.005,2.3%,0.200-0.265,991,-2.84,2,0.6,-7.91,8.89,-4.74,0.37,51.84,https://www.klsescreener.com/v2/stocks/view/5197/focus-lumber-berhad
PMBTECH,7172,"MetalsIndustrial Products & Services, Main Market",1.700,0,0%,1.070-1.990,401,-3.47,0,0.71,-49.03,0.00,-4.88,2.39,3219.13,https://www.klsescreener.com/v2/stocks/view/7172/pmb-technology-berhad
SWSCAP,7186,"Houshold GoodsConsumer Products & Services, Main Market",0.110,0,0%,0.090-0.155,200,-2.36,0,0.48,-4.65,0.00,-4.93,0.23,33.25,https://www.klsescreener.com/v2/stocks/view/7186/sws-capital-berhad
MICROLN,0126,"Digital ServicesTechnology, Main Market",0.045,0,0%,0.040-0.105,"30,031",-0.45,0,0.09,-10.01,0.00,-5.00,0.50,72.39,https://www.klsescreener.com/v2/stocks/view/0126/microlink-solutions-berhad
HPI,03060,"Building MaterialsIndustrial Products & Services, Leap Market",0.320,0,0%,0.320-0.320,0,-0.55,0.1,0.11,-58.12,0.31,-5.00,2.91,42.20,https://www.klsescreener.com/v2/stocks/view/03060/hydropipes-berhad
RAPID,7765,"PropertyProperty, Main Market",0.710,0.02,2.9%,0.545-1.100,263,-8.76,0,1.73,-8.11,0.00,-5.06,0.41,75.90,https://www.klsescreener.com/v2/stocks/view/7765/rapid-synergy-bhd
PLYTEC,0289,"Industrial ServicesIndustrial Products & Services, Ace Market",0.165,0.01,6.5%,0.120-0.225,"3,086",-1.16,0,0.22,-14.20,0.00,-5.28,0.75,100.00,https://www.klsescreener.com/v2/stocks/view/0289/plytec-holding-berhad
KLCI2XL,0834EA,",",2.750,0,0%,2.285-2.750,0,-13.10,0,2.475,-20.99,0.00,-5.29,1.11,2.75,https://www.klsescreener.com/v2/stocks/view/0834EA/kenanga-klci-daily-2x-leveraged-etf
EVERGRN,5101,"Wood & Wood ProductsIndustrial Products & Services, Main Market",0.120,0.01,9.1%,0.100-0.180,"34,872",-5.77,0,1.07,-2.08,0.00,-5.39,0.11,101.57,https://www.klsescreener.com/v2/stocks/view/5101/evergreen-fibreboard-bhd
REKATECH,0081,"Industrial ServicesIndustrial Products & Services, Ace Market",0.025,0,0%,0.015-0.035,0,-0.38,0,0.07,-6.54,0.00,-5.46,0.36,14.80,https://www.klsescreener.com/v2/stocks/view/0081/rekatech-capital-berhad
MQTECH,0070,"SemiconductorsTechnology, Ace Market",0.055,0,0%,0.045-0.095,"2,119",-1.42,0,0.26,-3.87,0.00,-5.46,0.21,19.50,https://www.klsescreener.com/v2/stocks/view/0070/mq-technology-berhad
ARBB,7181,"SoftwareTechnology, Main Market",0.025,0,0%,0.020-0.040,"1,298",-0.89,0,0.16,-2.82,0.00,-5.54,0.16,31.25,https://www.klsescreener.com/v2/stocks/view/7181/arb-berhad
HAWK,0320,"Energy, Infrastructure, Equipment & ServicesEnergy, Ace Market",0.085,0,0%,0.085-0.315,"35,709",-0.59,0,0.106,-14.42,0.00,-5.57,0.80,41.70,https://www.klsescreener.com/v2/stocks/view/0320/steel-hawk-berhad
CAREPLS,0163,"Health Care Equipment & ServicesHealth Care, Main Market",0.080,-0.005,-5.9%,0.060-0.110,"31,733",-1.38,0,0.248,-5.80,0.00,-5.57,0.32,68.00,https://www.klsescreener.com/v2/stocks/view/0163/careplus-group-berhad
MIECO,5001,"Wood & Wood ProductsIndustrial Products & Services, Main Market",0.650,0,0%,0.600-0.740,100,-1.74,0,0.31,-37.44,0.00,-5.60,2.10,650.00,https://www.klsescreener.com/v2/stocks/view/5001/mieco-berhad
BPROP,4219,"Travel, Leisure & HospitalityConsumer Products & Services, Main Market",0.250,0,0%,0.235-0.280,392,-3.66,0,0.65,-6.84,0.00,-5.63,0.38,1250.08,https://www.klsescreener.com/v2/stocks/view/4219/berjaya-property-berhad
OLYMPIA,3018,"Travel, Leisure & HospitalityConsumer Products & Services, Main Market",0.060,0.005,9.1%,0.050-0.075,"1,020",-1.65,0,0.29,-3.64,0.00,-5.68,0.21,61.41,https://www.klsescreener.com/v2/stocks/view/3018/olympia-industries-berhad
INSPACE,0451,"ConstructionConstruction, Ace Market",0.220,0,0%,0.205-0.290,830,-0.92,0,0.08,-24.01,0.00,-5.73,2.75,81.25,https://www.klsescreener.com/v2/stocks/view/0451/inspace-creation-berhad
MMSV,0113,"Technology EquipmentTechnology, Main Market",0.315,0.02,6.8%,0.255-0.665,"30,318",-1.80,1,0.31,-17.47,3.17,-5.82,1.02,65.34,https://www.klsescreener.com/v2/stocks/view/0113/mms-ventures-berhad
SDRED,2224,"PropertyProperty, Main Market",0.395,-0.005,-1.2%,0.390-0.520,210,-10.91,3,1.868,-3.62,7.59,-5.84,0.21,168.32,https://www.klsescreener.com/v2/stocks/view/2224/selangor-dredging-berhad
ZANTAT,0301,"ChemicalsIndustrial Products & Services, Ace Market",0.155,0,0%,0.130-0.295,119,-1.41,0,0.24,-11.02,0.00,-5.86,0.65,44.14,https://www.klsescreener.com/v2/stocks/view/0301/zantat-holdings-berhad
BJCORP,3395,"Diversified IndustrialsIndustrial Products & Services, Main Market",0.250,0,0%,0.230-0.300,"8,400",-5.60,0,0.955,-4.46,0.00,-5.87,0.26,1519.11,https://www.klsescreener.com/v2/stocks/view/3395/berjaya-corporation-berhad
CHINA100-MYR,0838EA,"Equity FundETF-Equity, ETF",1.060,-0.09,-7.8%,1.000-1.430,566,-8.55,0,1.439,-12.40,0.00,-5.94,0.74,12.72,https://www.klsescreener.com/v2/stocks/view/0838EA/vp-dj-shariah-china-a-shares-100-etf-myr
EDUSPEC,0107,"SoftwareTechnology, Ace Market",0.105,0.005,5%,0.060-0.135,"7,410",-0.30,0,0.05,-35.18,0.00,-5.97,2.10,164.52,https://www.klsescreener.com/v2/stocks/view/0107/eduspec-holdings-berhad
CBIP,7076,"Industrial Materials, Components & EquipmentIndustrial Products & Services, Main Market",1.040,0,0%,1.000-1.330,0,-9.09,4,1.52,-11.44,3.85,-5.98,0.68,512.98,https://www.klsescreener.com/v2/stocks/view/7076/cb-industrial-product-holding-berhad
TIMWELL,7854,"Wood & Wood ProductsIndustrial Products & Services, Main Market",2.290,0.02,0.9%,0.260-2.330,"3,770",-3.89,0,0.65,-58.92,0.00,-5.98,3.53,203.93,https://www.klsescreener.com/v2/stocks/view/7854/timberwell-bhd
BINACOM,0195,"Telecommunications Service ProvidersTelecommunications & Media, Ace Market",0.080,0.005,6.7%,0.060-0.150,"1,879",-1.33,0,0.22,-6.04,0.00,-6.02,0.36,48.34,https://www.klsescreener.com/v2/stocks/view/0195/binasat-communications-berhad
MTRONIC,0043,"Industrial ServicesIndustrial Products & Services, Main Market",0.005,0,0%,0.005-0.015,714,-0.55,0,0.09,-0.92,0.00,-6.06,0.06,7.66,https://www.klsescreener.com/v2/stocks/view/0043/metronic-global-berhad
FARLIM,6041,"PropertyProperty, Main Market",0.155,0,0%,0.120-0.185,"1,244",-4.45,0,0.73,-3.48,0.00,-6.09,0.21,26.10,https://www.klsescreener.com/v2/stocks/view/6041/farlim-group-m-bhd
OPPSTAR,0275,"SemiconductorsTechnology, Ace Market",0.740,0.04,5.7%,0.175-1.060,"230,215",-1.22,0,0.2,-60.68,0.00,-6.10,3.70,478.76,https://www.klsescreener.com/v2/stocks/view/0275/oppstar-berhad
KAMDAR,8672,"RetailersConsumer Products & Services, Main Market",0.150,0,0%,0.130-0.240,0,-6.05,0,0.99,-2.48,0.00,-6.11,0.15,29.70,https://www.klsescreener.com/v2/stocks/view/8672/kamdar-group-m-bhd
JOE,7096,"Auto PartsIndustrial Products & Services, Main Market",0.065,-0.005,-7.1%,0.050-0.090,18,-2.68,0,0.43,-2.43,0.00,-6.22,0.15,19.88,https://www.klsescreener.com/v2/stocks/view/7096/joe-holding-berhad
PTRB,0260,"Food & BeveragesConsumer Products & Services, Ace Market",0.235,0,0%,0.220-0.370,0,-2.32,0,0.37,-10.12,0.00,-6.28,0.64,125.73,https://www.klsescreener.com/v2/stocks/view/0260/pt-resources-holdings-berhad
MSTGOLF,5316,"RetailersConsumer Products & Services, Main Market",0.130,0,0%,0.100-0.220,0,-1.57,0.25,0.25,-8.26,1.92,-6.30,0.52,106.71,https://www.klsescreener.com/v2/stocks/view/5316/mst-golf-group-berhad
CHEETAH,7209,"Personal GoodsConsumer Products & Services, Main Market",0.115,0,0%,0.085-0.160,0,-1.27,0,0.2,-9.07,0.00,-6.34,0.58,55.92,https://www.klsescreener.com/v2/stocks/view/7209/cheetah-holdings-bhd
SERSOL,0055,"ChemicalsIndustrial Products & Services, Ace Market",0.045,0,0%,0.015-0.060,"3,240",-0.13,0,0.02,-35.02,0.00,-6.42,2.25,36.21,https://www.klsescreener.com/v2/stocks/view/0055/sersol-berhad
NTPM,5066,"Houshold GoodsConsumer Products & Services, Main Market",0.210,0,0%,0.180-0.305,0,-2.86,0,0.44,-7.35,0.00,-6.49,0.48,235.87,https://www.klsescreener.com/v2/stocks/view/5066/ntpm-holdings-berhad
TCHONG,4405,"AutomotiveConsumer Products & Services, Main Market",0.440,-0.005,-1.1%,0.440-0.775,"1,091",-26.06,0,3.96,-1.69,0.00,-6.58,0.11,295.68,https://www.klsescreener.com/v2/stocks/view/4405/tan-chong-motor-holdings-berhad
ASDION,0068,"SoftwareTechnology, Ace Market",0.005,0,0%,0.005-0.035,0,-0.59,0,0.088,-0.85,0.00,-6.67,0.06,2.55,https://www.klsescreener.com/v2/stocks/view/0068/asdion-berhad
EMICO,9091,"Consumer ServicesConsumer Products & Services, Main Market",0.120,0,0%,0.110-0.225,0,-2.49,0,0.37,-4.82,0.00,-6.73,0.32,16.50,https://www.klsescreener.com/v2/stocks/view/9091/emico-holdings-berhad
AVI,8885,"Travel, Leisure & HospitalityConsumer Products & Services, Main Market",0.035,0,0%,0.030-0.075,"3,001",-1.00,0,0.147,-3.51,0.00,-6.78,0.24,49.57,https://www.klsescreener.com/v2/stocks/view/8885/avillion-berhad
ARVEX,0210,"RetailersConsumer Products & Services, Ace Market",0.125,0,0%,0.080-0.170,0,-1.22,0.1,0.176,-10.23,0.80,-6.95,0.71,47.50,https://www.klsescreener.com/v2/stocks/view/0210/arvex-berhad
CYPARK,5184,"Renewable EnergyEnergy, Main Market",0.810,0.025,3.2%,0.530-0.870,"93,608",-4.82,0,0.69,-16.79,0.00,-6.99,1.17,733.14,https://www.klsescreener.com/v2/stocks/view/5184/cypark-resources-berhad
ASB,1481,"Travel, Leisure & HospitalityConsumer Products & Services, Main Market",0.065,0.005,8.3%,0.060-0.100,"5,177",-0.91,0.05,0.13,-7.12,0.77,-7.01,0.50,164.40,https://www.klsescreener.com/v2/stocks/view/1481/advance-synergy-berhad
CNOUHUA,5188,"Food & BeveragesConsumer Products & Services, Main Market",0.045,0,0%,0.030-0.055,0,-0.58,0,0.08,-7.80,0.00,-7.21,0.56,30.06,https://www.klsescreener.com/v2/stocks/view/5188/china-ouhua-winery-hldgs-ltd
JSSOLAR,0369,"Renewable EnergyEnergy, Ace Market",0.260,0.025,10.6%,0.180-0.370,"41,109",-0.88,0,0.12,-29.48,0.00,-7.35,2.17,84.50,https://www.klsescreener.com/v2/stocks/view/0369/js-solar-holding-berhad
PHB,4464,"PropertyProperty, Main Market",0.005,0,0%,0.005-0.010,0,-0.08,0,0.011,-6.01,0.00,-7.78,0.47,54.11,https://www.klsescreener.com/v2/stocks/view/4464/pegasus-heights-berhad
LOTUSCIR,7234,"Personal GoodsConsumer Products & Services, Main Market",0.260,0,0%,0.195-0.390,0,-4.56,0,0.58,-5.71,0.00,-7.86,0.45,78.23,https://www.klsescreener.com/v2/stocks/view/7234/lotus-circular-berhad
FBG,7047,"ConstructionConstruction, Main Market",0.100,0,0%,0.095-0.215,"6,930",-3.22,0.75,0.404,-3.11,7.50,-7.97,0.25,104.97,https://www.klsescreener.com/v2/stocks/view/7047/fbg-holdings-berhad
MPAY,0156,"SoftwareTechnology, Ace Market",0.050,-0.005,-9.1%,0.050-0.090,"2,000",-0.48,0,0.06,-10.33,0.00,-8.07,0.83,51.60,https://www.klsescreener.com/v2/stocks/view/0156/managepay-systems-berhad
ERDASAN,0072,"Industrial Materials, Components & EquipmentIndustrial Products & Services, Ace Market",0.100,0.01,11.1%,0.065-0.135,"2,353",-5.43,0,0.673,-1.84,0.00,-8.07,0.15,22.88,https://www.klsescreener.com/v2/stocks/view/0072/erdasan-group-berhad
NIHSIN,7215,"Houshold GoodsConsumer Products & Services, Main Market",0.390,0,0%,0.060-0.410,"268,750",-1.32,0,0.16,-29.53,0.00,-8.26,2.44,243.87,https://www.klsescreener.com/v2/stocks/view/7215/ni-hsin-group-berhad
BVLH,03042,"ConstructionConstruction, Leap Market",0.190,0,0%,0.190-0.190,0,-1.07,0,0.13,-17.70,0.00,-8.26,1.46,25.76,https://www.klsescreener.com/v2/stocks/view/03042/bv-land-holdings-berhad
EMETALL,7217,"MetalsIndustrial Products & Services, Main Market",0.440,0,0%,0.200-0.445,0,-10.18,0,1.23,-4.32,0.00,-8.27,0.36,197.37,https://www.klsescreener.com/v2/stocks/view/7217/eonmetall-group-berhad
LUSTER,5068,"Industrial Materials, Components & EquipmentIndustrial Products & Services, Main Market",0.025,0,0%,0.025-0.060,"4,799",-0.66,0,0.08,-3.76,0.00,-8.30,0.31,75.57,https://www.klsescreener.com/v2/stocks/view/5068/luster-industries-bhd
SHH,7412,"Houshold GoodsConsumer Products & Services, Main Market",1.100,0,0%,0.880-1.270,0,-6.20,0,0.74,-17.73,0.00,-8.38,1.49,109.99,https://www.klsescreener.com/v2/stocks/view/7412/shh-resources-holdings-berhad
AEM,7146,"Industrial Materials, Components & EquipmentIndustrial Products & Services, Main Market",0.045,0,0%,0.035-0.075,0,-1.65,0,0.19,-2.73,0.00,-8.66,0.24,9.74,https://www.klsescreener.com/v2/stocks/view/7146/ae-multi-holdings-berhad
GADANG,9261,"ConstructionConstruction, Main Market",0.160,0.005,3.2%,0.140-0.325,"1,901",-7.99,0.27,0.92,-2.00,1.69,-8.68,0.17,128.14,https://www.klsescreener.com/v2/stocks/view/9261/gadang-holdings-bhd
WOODLAN,7025,"Wood & Wood ProductsIndustrial Products & Services, Main Market",0.600,0,0%,0.495-0.730,0,-6.56,0,0.75,-9.15,0.00,-8.74,0.80,24.00,https://www.klsescreener.com/v2/stocks/view/7025/woodlandor-holdings-bhd
FOCUS,0116,"Travel, Leisure & HospitalityConsumer Products & Services, Ace Market",0.010,0.005,100%,0.005-0.010,"4,706",-0.15,0,0.017,-6.65,0.00,-8.89,0.59,63.72,https://www.klsescreener.com/v2/stocks/view/0116/focus-dynamics-group-berhad
TFP,0145,"Digital ServicesTechnology, Ace Market",0.045,0.005,12.5%,0.015-0.125,"42,058",-0.11,0,0.012,-39.85,0.00,-9.04,3.60,46.95,https://www.klsescreener.com/v2/stocks/view/0145/tfp-group-berhad
AIZO,7219,"Building MaterialsIndustrial Products & Services, Main Market",0.035,0,0%,0.030-0.085,"67,964",-0.36,0,0.04,-9.60,0.00,-9.11,0.88,74.99,https://www.klsescreener.com/v2/stocks/view/7219/aizo-group-berhad
S&FCAP,8745,"Wood & Wood ProductsIndustrial Products & Services, Main Market",0.055,-0.005,-8.3%,0.055-0.090,120,-0.83,0,0.09,-6.63,0.00,-9.21,0.61,43.29,https://www.klsescreener.com/v2/stocks/view/8745/s-f-capital-berhad
ADVENTA,7191,"Health Care Equipment & ServicesHealth Care, Main Market",0.155,0,0%,0.115-0.235,"6,787",-2.50,0,0.27,-6.19,0.00,-9.28,0.57,47.36,https://www.klsescreener.com/v2/stocks/view/7191/adventa-bhd
ARTRONIQ,0038,"ChemicalsIndustrial Products & Services, Ace Market",0.140,0,0%,0.080-0.170,"7,185",-1.11,0,0.118,-12.62,0.00,-9.38,1.18,71.60,https://www.klsescreener.com/v2/stocks/view/0038/artroniq-berhad
IQGROUP,5107,"Houshold GoodsConsumer Products & Services, Main Market",0.400,0,0%,0.355-0.555,0,-12.51,0,1.32,-3.20,0.00,-9.48,0.30,35.21,https://www.klsescreener.com/v2/stocks/view/5107/iq-group-holdings-berhad
MNC,0103,"Telecommunications EquipmentTelecommunications & Media, Ace Market",0.025,0.005,25%,0.020-0.078,202,-0.82,0,0.085,-3.06,0.00,-9.57,0.29,23.80,https://www.klsescreener.com/v2/stocks/view/0103/m-n-c-wireless-berhad
MAYBULK,5077,"Transportation & Logistics ServicesTransportation & Logistics, Main Market",0.375,0.005,1.4%,0.320-0.395,230,-4.88,1.7,0.509,-7.68,4.53,-9.60,0.74,337.50,https://www.klsescreener.com/v2/stocks/view/5077/maybulk-berhad
JAYCORP,7152,"Houshold GoodsConsumer Products & Services, Main Market",0.210,-0.005,-2.3%,0.200-0.445,85,-5.84,1.5,0.6,-3.60,7.14,-9.73,0.35,57.64,https://www.klsescreener.com/v2/stocks/view/7152/jaycorp-bhd
XDL,5156,"Personal GoodsConsumer Products & Services, Main Market",0.010,0.005,100%,0.005-0.015,"423,654",-5.14,0,0.52,-0.19,0.00,-9.88,0.02,21.16,https://www.klsescreener.com/v2/stocks/view/5156/xidelang-holdings-ltd
APB,5568,"Industrial EngineeringIndustrial Products & Services, Main Market",0.145,0.01,7.4%,0.130-0.220,63,-5.33,0,0.53,-2.72,0.00,-10.06,0.27,19.80,https://www.klsescreener.com/v2/stocks/view/5568/apb-resources-bhd
GPHAROS,5649,"Wood & Wood ProductsIndustrial Products & Services, Main Market",0.170,0.005,3%,0.160-0.350,116,-4.96,0,0.49,-3.43,0.00,-10.12,0.35,23.93,https://www.klsescreener.com/v2/stocks/view/5649/golden-pharos-bhd
BTM,7188,"Wood & Wood ProductsIndustrial Products & Services, Main Market",0.030,0,0%,0.020-0.040,0,-0.41,0,0.04,-7.40,0.00,-10.13,0.75,37.69,https://www.klsescreener.com/v2/stocks/view/7188/btm-resources-berhad
QUALITY,7544,"Building MaterialsIndustrial Products & Services, Main Market",0.930,0,0%,0.885-1.280,0,-12.88,0,1.25,-7.22,0.00,-10.31,0.74,53.90,https://www.klsescreener.com/v2/stocks/view/7544/quality-concrete-holdings-berhad
DFCITY,5165,"Building MaterialsIndustrial Products & Services, Main Market",0.385,0,0%,0.280-0.500,0,-5.29,0,0.512,-7.28,0.00,-10.33,0.75,40.65,https://www.klsescreener.com/v2/stocks/view/5165/dfcity-group-berhad
HUBLINE,7013,"Transportation & Logistics ServicesTransportation & Logistics, Main Market",0.030,0,0%,0.020-0.055,"36,239",-0.42,0,0.04,-7.18,0.00,-10.45,0.75,128.70,https://www.klsescreener.com/v2/stocks/view/7013/hubline-berhad
EKOVEST,8877,"ConstructionConstruction, Main Market",0.175,0,0%,0.170-0.415,"32,349",-6.91,0,0.66,-2.53,0.00,-10.47,0.27,518.95,https://www.klsescreener.com/v2/stocks/view/8877/ekovest-bhd
WCEHB,3565,"ConstructionConstruction, Main Market",0.685,0.005,0.7%,0.630-0.765,"3,271",-2.68,0,0.253,-25.56,0.00,-10.58,2.70,2260.71,https://www.klsescreener.com/v2/stocks/view/3565/wce-holdings-berhad
HEXCARE,7803,"Health Care Equipment & ServicesHealth Care, Main Market",0.065,0.005,8.3%,0.050-0.120,825,-4.16,0,0.39,-1.56,0.00,-10.67,0.17,77.57,https://www.klsescreener.com/v2/stocks/view/7803/hextar-healthcare-berhad
P&O,6009,"InsuranceFinancial Services, Main Market",0.520,0,0%,0.505-0.590,0,-9.38,0,0.87,-5.55,0.00,-10.78,0.60,154.12,https://www.klsescreener.com/v2/stocks/view/6009/pacific-orient-berhad
PEOPLE,0356,"Consumer ServicesConsumer Products & Services, Ace Market",0.220,0,0%,0.185-0.265,0,-0.76,0.22,0.07,-29.07,1.00,-10.81,3.14,90.58,https://www.klsescreener.com/v2/stocks/view/0356/peoplelogy-berhad
JOHAN,3441,"Other FinancialsFinancial Services, Main Market",0.020,-0.005,-20%,0.020-0.040,260,-1.74,0,0.159,-1.15,0.00,-10.94,0.13,23.36,https://www.klsescreener.com/v2/stocks/view/3441/johan-holdings-berhad
ESAFE,0190,"Auto PartsIndustrial Products & Services, Ace Market",0.120,0,0%,0.060-0.175,0,-2.23,0,0.197,-5.38,0.00,-11.33,0.61,28.87,https://www.klsescreener.com/v2/stocks/view/0190/eversafe-rubber-berhad
TALAMT,2259,"PropertyProperty, Main Market",0.075,0,0%,0.070-0.140,"2,372",-2.17,0,0.19,-3.45,0.00,-11.46,0.40,97.55,https://www.klsescreener.com/v2/stocks/view/2259/talam-transform-berhad
AURO,5025,"Food & BeveragesConsumer Products & Services, Main Market",0.130,0,0%,0.125-0.175,3,-0.42,0,0.037,-30.59,0.00,-11.49,3.51,84.21,https://www.klsescreener.com/v2/stocks/view/5025/auro-holdings-berhad
PERSTIM,5436,"MetalsIndustrial Products & Services, Main Market",0.740,0,0%,0.740-1.950,0,-29.97,0,2.56,-2.47,0.00,-11.71,0.29,95.53,https://www.klsescreener.com/v2/stocks/view/5436/perusahaan-sadur-timah-malaysia-perstima-bhd
SERNKOU,7180,"Houshold GoodsConsumer Products & Services, Main Market",0.780,-0.02,-2.5%,0.710-0.885,883,-2.13,0,0.18,-36.62,0.00,-11.83,4.33,840.92,https://www.klsescreener.com/v2/stocks/view/7180/sern-kou-resources-berhad
KIMHIN,5371,"Building MaterialsIndustrial Products & Services, Main Market",0.900,0,0%,0.730-0.950,22,-19.14,0,1.59,-4.70,0.00,-12.04,0.57,140.05,https://www.klsescreener.com/v2/stocks/view/5371/kim-hin-industry-bhd
COMFORT,2127,"Industrial Materials, Components & EquipmentIndustrial Products & Services, Main Market",0.175,-0.005,-2.8%,0.120-0.220,"5,570",-14.14,0,1.15,-1.24,0.00,-12.30,0.15,102.02,https://www.klsescreener.com/v2/stocks/view/2127/comfort-gloves-berhad
PPB,4065,"Food & BeveragesConsumer Products & Services, Main Market",9.150,0.07,0.8%,9.060-12.280,"1,867",-197.95,42,15.8,-4.62,4.59,-12.53,0.58,13016.78,https://www.klsescreener.com/v2/stocks/view/4065/ppb-group-berhad
SALCON,8567,"Gas, Water & Multi-UtilitiesUtilities, Main Market",0.210,0,0%,0.180-0.275,500,-4.40,0,0.35,-4.77,0.00,-12.58,0.60,238.47,https://www.klsescreener.com/v2/stocks/view/8567/salcon-berhad
HEVEA,5095,"Wood & Wood ProductsIndustrial Products & Services, Main Market",0.110,0,0%,0.095-0.195,"1,111",-7.67,0,0.6,-1.43,0.00,-12.78,0.18,62.45,https://www.klsescreener.com/v2/stocks/view/5095/heveaboard-bhd
SANICHI,0133,"Industrial Materials, Components & EquipmentIndustrial Products & Services, Ace Market",0.095,0,0%,0.060-0.120,"1,236",-15.96,0,1.23,-0.60,0.00,-12.97,0.08,17.98,https://www.klsescreener.com/v2/stocks/view/0133/sanichi-technology-bhd
YNHPROP,3158,"PropertyProperty, Main Market",0.300,0,0%,0.210-0.410,"2,124",-22.11,0,1.69,-1.36,0.00,-13.08,0.18,158.70,https://www.klsescreener.com/v2/stocks/view/3158/ynh-property-berhad
HBGLOB,5187,"Food & BeveragesConsumer Products & Services, Main Market",0.030,0,0%,0.025-0.050,"5,000",-1.20,0,0.09,-2.50,0.00,-13.35,0.33,25.81,https://www.klsescreener.com/v2/stocks/view/5187/hb-global-limited
TOYOVEN,7173,"ChemicalsIndustrial Products & Services, Main Market",0.235,0.01,4.4%,0.170-0.335,"7,598",-4.17,0,0.3,-5.64,0.00,-13.89,0.78,38.99,https://www.klsescreener.com/v2/stocks/view/7173/toyo-ventures-holdings-berhad
JCY,5161,"Technology EquipmentTechnology, Main Market",0.630,0.005,0.8%,0.285-0.665,"91,367",-3.59,0,0.258,-17.57,0.00,-13.90,2.44,1363.46,https://www.klsescreener.com/v2/stocks/view/5161/jcy-international-berhad
OVERSEA,0153,"Travel, Leisure & HospitalityConsumer Products & Services, Ace Market",0.040,0,0%,0.030-0.055,0,-0.70,0,0.05,-5.72,0.00,-13.98,0.80,91.19,https://www.klsescreener.com/v2/stocks/view/0153/oversea-enterprise-berhad
PNEPCB,6637,"Industrial Materials, Components & EquipmentIndustrial Products & Services, Main Market",0.040,0,0%,0.030-0.065,0,-1.13,0,0.08,-3.55,0.00,-14.07,0.50,22.42,https://www.klsescreener.com/v2/stocks/view/6637/pne-pcb-berhad
ANCOMLB,0048,"Transportation & Logistics ServicesTransportation & Logistics, Ace Market",0.090,0,0%,0.050-0.110,60,-0.43,0,0.03,-21.16,0.00,-14.18,3.00,42.60,https://www.klsescreener.com/v2/stocks/view/0048/ancom-logistics-berhad
JSB,5673,"Industrial ServicesIndustrial Products & Services, Main Market",0.200,0,0%,0.185-0.435,"2,293",-3.31,0,0.233,-6.05,0.00,-14.19,0.86,108.90,https://www.klsescreener.com/v2/stocks/view/5673/jentayu-sustainables-berhad
JETSON,9083,"Auto PartsIndustrial Products & Services, Main Market",0.070,0.005,7.7%,0.060-0.175,"2,596",-2.13,0,0.15,-3.29,0.00,-14.20,0.47,32.10,https://www.klsescreener.com/v2/stocks/view/9083/kumpulan-jetson-berhad
DSR,03055,"PlantationPlantation, Leap Market",1.000,0,0%,1.000-1.180,0,-2.56,0,0.17,-38.99,0.00,-15.09,5.88,326.48,https://www.klsescreener.com/v2/stocks/view/03055/dsr-taiko-berhad
SMTRACK,0169,"Technology EquipmentTechnology, Ace Market",0.005,0,0%,0.005-0.015,0,-0.46,0,0.03,-1.10,0.00,-15.18,0.17,6.61,https://www.klsescreener.com/v2/stocks/view/0169/smtrack-berhad
YB,5048,"Building MaterialsIndustrial Products & Services, Main Market",0.055,0,0%,0.050-0.160,0,-8.93,0,0.58,-0.62,0.00,-15.39,0.09,21.56,https://www.klsescreener.com/v2/stocks/view/5048/yb-ventures-berhad
MEDIAC,5090,"MediaTelecommunications & Media, Main Market",0.070,0.005,7.7%,0.065-0.110,"5,482",-4.49,0,0.29,-1.56,0.00,-15.49,0.24,115.83,https://www.klsescreener.com/v2/stocks/view/5090/media-chinese-international-limited
OVH,0220,"Energy, Infrastructure, Equipment & ServicesEnergy, Ace Market",0.250,0.01,4.2%,0.130-0.290,"3,780",-2.34,0,0.15,-10.69,0.00,-15.59,1.67,112.86,https://www.klsescreener.com/v2/stocks/view/0220/ocean-vantage-holdings-berhad
DNEX,4456,"Digital ServicesTechnology, Main Market",0.520,-0.005,-1%,0.230-0.545,"1,086,109",-6.24,0,0.4,-8.33,0.00,-15.61,1.30,1828.44,https://www.klsescreener.com/v2/stocks/view/4456/dagang-nexchange-berhad
SINKUNG,0305,"Transportation & Logistics ServicesTransportation & Logistics, Ace Market",0.080,0,0%,0.060-0.125,734,-0.94,0,0.06,-8.51,0.00,-15.67,1.33,96.00,https://www.klsescreener.com/v2/stocks/view/0305/sin-kung-logistics-berhad
LIONIND,4235,"MetalsIndustrial Products & Services, Main Market",0.100,-0.01,-9.1%,0.095-0.180,"29,309",-17.90,0,1.14,-0.56,0.00,-15.70,0.09,71.79,https://www.klsescreener.com/v2/stocks/view/4235/lion-industries-corporation-berhad
MLAB,0085,"Technology EquipmentTechnology, Ace Market",0.035,0,0%,0.025-0.085,"1,700",-6.10,0,0.376,-0.57,0.00,-16.21,0.09,10.12,https://www.klsescreener.com/v2/stocks/view/0085/mlabs-systems-bhd
COMPUGT,5037,"Industrial ServicesIndustrial Products & Services, Main Market",0.015,0,0%,0.010-0.020,360,-0.33,0,0.02,-4.48,0.00,-16.74,0.75,90.76,https://www.klsescreener.com/v2/stocks/view/5037/compugates-holdings-berhad
PAM-C50,0823EA,"Equity FundETF-Equity, ETF",1.250,0,0%,1.250-1.650,0,-21.69,0,1.283,-5.76,0.00,-16.90,0.97,4.88,https://www.klsescreener.com/v2/stocks/view/0823EA/principal-ftse-china-50-etf
KGROUP,0036,"Technology EquipmentTechnology, Ace Market",0.060,-0.005,-7.7%,0.060-0.120,"1,003",-9.54,0,0.562,-0.63,0.00,-16.97,0.11,7.36,https://www.klsescreener.com/v2/stocks/view/0036/key-alliance-group-berhad
SCIB,9237,"Building MaterialsIndustrial Products & Services, Main Market",0.120,0,0%,0.110-0.280,"16,105",-3.24,0,0.19,-3.71,0.00,-17.03,0.63,91.63,https://www.klsescreener.com/v2/stocks/view/9237/sarawak-consolidated-industries-berhad
NETX,0020,"SoftwareTechnology, Ace Market",0.045,0,0%,0.030-0.075,230,-1.19,0,0.07,-3.77,0.00,-17.04,0.64,42.21,https://www.klsescreener.com/v2/stocks/view/0020/netx-holdings-berhad
PING,03063,"Consumer ServicesConsumer Products & Services, Leap Market",0.350,0,0%,0.350-0.350,0,-0.93,0,0.04,-37.80,0.00,-17.36,8.75,78.32,https://www.klsescreener.com/v2/stocks/view/03063/ping-edge-technology-berhad
ANNJOO,6556,"MetalsIndustrial Products & Services, Main Market",0.490,-0.005,-1%,0.430-0.715,847,-19.10,0,1.03,-2.57,0.00,-18.54,0.48,352.28,https://www.klsescreener.com/v2/stocks/view/6556/ann-joo-resources-berhad
ENGKAH,7149,"Houshold GoodsConsumer Products & Services, Main Market",0.200,0,0%,0.165-0.330,0,-7.42,0,0.4,-2.69,0.00,-18.56,0.50,24.70,https://www.klsescreener.com/v2/stocks/view/7149/eng-kah-corporation-berhad
CAMAROE,0371,"Agricultural ProductsConsumer Products & Services, Ace Market",0.070,0,0%,0.065-0.160,0,-1.37,0,0.07,-5.11,0.00,-19.55,1.00,34.65,https://www.klsescreener.com/v2/stocks/view/0371/camaroe-berhad
MERIDIAN,5040,"PropertyProperty, Main Market",0.015,-0.01,-40%,0.005-0.040,725,-4.21,0,0.21,-0.36,0.00,-20.05,0.07,3.80,https://www.klsescreener.com/v2/stocks/view/5040/meridian-berhad
EIB,0255,"Industrial EngineeringIndustrial Products & Services, Ace Market",0.075,0.005,7.1%,0.060-0.250,836,-1.81,0,0.09,-4.14,0.00,-20.13,0.83,28.05,https://www.klsescreener.com/v2/stocks/view/0255/ecoscience-international-berhad
THRIVEN,7889,"PropertyProperty, Main Market",0.060,0,0%,0.055-0.145,"1,300",-2.42,0,0.12,-2.48,0.00,-20.17,0.50,32.82,https://www.klsescreener.com/v2/stocks/view/7889/thriven-global-berhad
1TECH,03041,"SoftwareTechnology, Leap Market",0.020,0,0%,0.020-0.020,0,-0.85,0,0.042,-2.35,0.00,-20.30,0.48,1.54,https://www.klsescreener.com/v2/stocks/view/03041/onetech-solutions-holdings-berhad
EVD,0174,"SoftwareTechnology, Ace Market",0.025,0,0%,0.020-0.070,12,-2.47,0,0.12,-1.01,0.00,-20.54,0.21,11.23,https://www.klsescreener.com/v2/stocks/view/0174/evd-berhad
XOXNET,0140,"Consumer ServicesConsumer Products & Services, Ace Market",0.030,0,0%,0.015-0.040,0,-0.62,0,0.03,-4.85,0.00,-20.60,1.00,34.07,https://www.klsescreener.com/v2/stocks/view/0140/xox-networks-berhad
AIMAX,0041,"SoftwareTechnology, Main Market",0.005,-0.005,-50%,0.005-0.020,"16,007",-0.89,0,0.042,-0.56,0.00,-21.03,0.12,28.10,https://www.klsescreener.com/v2/stocks/view/0041/aimax-berhad
SAFETY,03056,"Industrial Materials, Components & EquipmentIndustrial Products & Services, Leap Market",0.190,0,0%,0.190-0.190,0,-0.69,0,0.032,-27.72,0.00,-21.22,5.88,60.65,https://www.klsescreener.com/v2/stocks/view/03056/safetyware-group-berhad
NOVAMSC,0026,"SoftwareTechnology, Ace Market",0.055,0,0%,0.045-0.080,"2,450",-0.44,0,0.02,-12.58,0.00,-21.55,2.71,118.43,https://www.klsescreener.com/v2/stocks/view/0026/nova-msc-berhad
GTRONIC,7022,"SemiconductorsTechnology, Main Market",0.220,0,0%,0.150-0.375,"10,878",-7.22,0,0.33,-3.05,0.00,-21.87,0.67,171.97,https://www.klsescreener.com/v2/stocks/view/7022/globetronics-technology-berhad
INNITY,0147,"MediaTelecommunications & Media, Ace Market",0.130,0,0%,0.110-0.280,0,-3.27,0,0.149,-3.97,0.00,-21.95,0.87,18.12,https://www.klsescreener.com/v2/stocks/view/0147/innity-corporation-bhd
WARISAN,5016,"Travel, Leisure & HospitalityConsumer Products & Services, Main Market",0.500,0,0%,0.490-0.930,0,-58.46,0,2.65,-0.86,0.00,-22.06,0.19,33.60,https://www.klsescreener.com/v2/stocks/view/5016/warisan-tc-holdings-bhd
MBN,0280,"Consumer ServicesConsumer Products & Services, Ace Market",0.155,0.005,3.3%,0.075-0.180,"13,336",-1.44,0,0.065,-10.74,0.00,-22.23,2.39,59.83,https://www.klsescreener.com/v2/stocks/view/0280/mymbn-berhad
ONEGLOVE,5079,"Travel, Leisure & HospitalityConsumer Products & Services, Main Market",0.115,-0.005,-4.2%,0.090-0.205,"1,556",-6.37,0,0.28,-1.81,0.00,-22.74,0.41,67.01,https://www.klsescreener.com/v2/stocks/view/5079/one-glove-group-berhad
LKL,0182,"Health Care Equipment & ServicesHealth Care, Ace Market",0.030,-0.005,-14.3%,0.030-0.050,"1,091",-5.81,0,0.25,-0.52,0.00,-23.23,0.12,11.64,https://www.klsescreener.com/v2/stocks/view/0182/lkl-international-berhad
PENERGY,5133,"Energy, Infrastructure, Equipment & ServicesEnergy, Main Market",0.630,-0.025,-3.8%,0.535-0.905,615,-24.00,1,1.02,-2.63,1.59,-23.53,0.62,202.70,https://www.klsescreener.com/v2/stocks/view/5133/petra-energy-bhd
THETA,9075,"Digital ServicesTechnology, Main Market",0.580,0.015,2.7%,0.500-0.855,"4,804",-8.37,0,0.35,-6.93,0.00,-23.91,1.66,68.42,https://www.klsescreener.com/v2/stocks/view/9075/theta-edge-berhad
G3,7184,"Personal GoodsConsumer Products & Services, Main Market",0.015,0,0%,0.010-0.025,84,-0.24,0,0.01,-6.26,0.00,-23.95,1.50,62.26,https://www.klsescreener.com/v2/stocks/view/7184/g3-global-berhad
TTVHB,0272,"SemiconductorsTechnology, Ace Market",0.275,0.03,12.2%,0.135-0.435,"68,495",-5.03,0,0.21,-5.47,0.00,-23.96,1.31,131.89,https://www.klsescreener.com/v2/stocks/view/0272/tt-vision-holdings-berhad
REVENUE,0200,"Digital ServicesTechnology, Main Market",0.075,0,0%,0.045-0.085,"4,261",-3.36,0,0.14,-2.23,0.00,-23.99,0.54,45.38,https://www.klsescreener.com/v2/stocks/view/0200/revenue-group-berhad
SNOWFIT,03054,"Houshold GoodsConsumer Products & Services, Leap Market",0.100,0,0%,0.100-0.130,0,-0.33,0,0.013,-30.24,0.00,-25.24,7.63,21.11,https://www.klsescreener.com/v2/stocks/view/03054/snowfit-group-berhad
IHB,7240,"ConstructionConstruction, Main Market",0.135,0,0%,0.105-0.190,0,-2.04,0,0.08,-6.62,0.00,-25.49,1.69,59.78,https://www.klsescreener.com/v2/stocks/view/7240/infraharta-holdings-berhad
KUCINGKO,0315,"MediaTelecommunications & Media, Ace Market",0.095,0,0%,0.065-0.120,"2,701",-1.57,0,0.06,-6.07,0.00,-26.10,1.58,47.50,https://www.klsescreener.com/v2/stocks/view/0315/kucingko-berhad
GIIB,7192,"Auto PartsIndustrial Products & Services, Main Market",0.625,0.01,1.6%,0.060-0.630,"229,033",-1.46,0,0.056,-42.72,0.00,-26.12,11.16,516.42,https://www.klsescreener.com/v2/stocks/view/7192/giib-holdings-berhad
CEPCO,8435,"Building MaterialsIndustrial Products & Services, Main Market",4.060,0,0%,1.010-5.300,40,-24.34,0,0.93,-16.68,0.00,-26.17,4.37,302.98,https://www.klsescreener.com/v2/stocks/view/8435/concrete-engineering-products-berhad
FINTEC,0150,"Other FinancialsFinancial Services, Ace Market",0.065,0,0%,0.060-0.095,718,-15.01,0,0.57,-0.43,0.00,-26.33,0.11,13.34,https://www.klsescreener.com/v2/stocks/view/0150/fintec-global-berhad
ALCOM,2674,"MetalsIndustrial Products & Services, Main Market",0.580,0,0%,0.575-0.825,0,-33.45,0,1.26,-1.73,0.00,-26.55,0.46,77.91,https://www.klsescreener.com/v2/stocks/view/2674/alcom-group-berhad
ECOHLDS,0059,"Telecommunications Service ProvidersTelecommunications & Media, Main Market",0.035,0.005,16.7%,0.025-0.065,1,-2.16,0,0.08,-1.62,0.00,-26.96,0.44,14.73,https://www.klsescreener.com/v2/stocks/view/0059/ecobuilt-holdings-berhad
PERTAMA,8532,"Personal GoodsConsumer Products & Services, Main Market",0.095,0,0%,0.035-0.180,0,-0.81,0,0.03,-11.74,0.00,-26.97,3.17,41.63,https://www.klsescreener.com/v2/stocks/view/8532/pertama-digital-berhad
MUIIND,3891,"Travel, Leisure & HospitalityConsumer Products & Services, Main Market",0.045,0.005,12.5%,0.040-0.070,"3,874",-4.76,0,0.176,-0.95,0.00,-27.05,0.26,145.16,https://www.klsescreener.com/v2/stocks/view/3891/malayan-united-industries-berhad
JIANKUN,8923,"PropertyProperty, Main Market",0.045,0,0%,0.025-0.080,0,-3.03,0,0.11,-1.49,0.00,-27.53,0.41,25.55,https://www.klsescreener.com/v2/stocks/view/8923/jiankun-international-berhad
DATASONIC,5216,"Digital ServicesTechnology, Main Market",0.300,0.01,3.4%,0.215-0.515,"92,913",-4.09,0.01,0.148,-7.33,0.03,-27.64,2.03,1113.62,https://www.klsescreener.com/v2/stocks/view/5216/datasonic-group-berhad
KOMARK,7017,"Packaging MaterialsIndustrial Products & Services, Main Market",0.070,0,0%,0.040-0.075,341,-7.33,0,0.26,-0.96,0.00,-28.19,0.27,16.16,https://www.klsescreener.com/v2/stocks/view/7017/komarkcorp-berhad
AHB,7315,"Consumer ServicesConsumer Products & Services, Main Market",0.045,0,0%,0.020-0.070,"5,964",-1.25,0,0.042,-3.59,0.00,-29.81,1.07,41.32,https://www.klsescreener.com/v2/stocks/view/7315/ahb-holdings-berhad
YGL,0086,"SoftwareTechnology, Ace Market",0.090,0,0%,0.070-0.150,767,-1.28,0,0.043,-7.04,0.00,-29.87,2.10,24.63,https://www.klsescreener.com/v2/stocks/view/0086/ygl-convergence-berhad
SOLUTN,0093,"Digital ServicesTechnology, Ace Market",0.095,0.015,18.8%,0.050-0.110,"31,358",-3.16,0,0.106,-3.00,0.00,-29.90,0.90,46.17,https://www.klsescreener.com/v2/stocks/view/0093/solution-group-berhad
PESTEC,5219,"Industrial EngineeringIndustrial Products & Services, Main Market",0.045,-0.005,-10%,0.045-0.145,"82,766",-2.80,0,0.093,-1.61,0.00,-30.09,0.48,115.08,https://www.klsescreener.com/v2/stocks/view/5219/pestec-international-berhad
BIOHLDG,0179,"Food & BeveragesConsumer Products & Services, Ace Market",0.015,-0.005,-25%,0.010-0.030,"1,850",-1.40,0,0.045,-1.07,0.00,-30.98,0.33,21.29,https://www.klsescreener.com/v2/stocks/view/0179/bioalpha-holdings-berhad
POLYDM,03031,"Industrial Materials, Components & EquipmentIndustrial Products & Services, Leap Market",0.450,0,0%,0.450-0.750,0,-7.77,0.1,0.25,-5.79,0.22,-31.08,1.80,39.71,https://www.klsescreener.com/v2/stocks/view/03031/polydamic-group-berhad
SINARAN,5172,"ConstructionConstruction, Main Market",0.105,-0.025,-19.2%,0.025-0.130,401,-0.41,0,0.013,-25.39,0.00,-31.33,7.95,110.35,https://www.klsescreener.com/v2/stocks/view/5172/sinaran-advance-group-berhad
MSM,5202,"Food & BeveragesConsumer Products & Services, Main Market",0.630,0.005,0.8%,0.585-1.110,"12,885",-52.16,0,1.57,-1.21,0.00,-33.22,0.40,442.88,https://www.klsescreener.com/v2/stocks/view/5202/msm-malaysia-holdings-berhad
HLT,0188,"Industrial Materials, Components & EquipmentIndustrial Products & Services, Ace Market",0.015,0.005,50%,0.010-0.040,"1,916",-1.71,0,0.05,-0.88,0.00,-34.18,0.30,18.82,https://www.klsescreener.com/v2/stocks/view/0188/hlt-global-berhad
LCTITAN,5284,"ChemicalsIndustrial Products & Services, Main Market",0.315,-0.005,-1.6%,0.280-0.680,"12,483",-93.65,0,2.73,-0.34,0.00,-34.30,0.12,728.39,https://www.klsescreener.com/v2/stocks/view/5284/lotte-chemical-titan-holding-berhad
FSBM,9377,"Technology EquipmentTechnology, Main Market",0.090,0.005,5.9%,0.055-0.245,"53,262",-1.59,0,0.046,-5.65,0.00,-34.46,1.95,52.04,https://www.klsescreener.com/v2/stocks/view/9377/fsbm-holdings-berhad
MAG,0095,"Food & BeveragesConsumer Products & Services, Ace Market",0.155,0,0%,0.145-0.185,"458,664",-11.38,0,0.33,-1.36,0.00,-34.50,0.47,294.89,https://www.klsescreener.com/v2/stocks/view/0095/mag-holdings-berhad
PAOS,5022,"Houshold GoodsConsumer Products & Services, Main Market",0.270,0,0%,0.210-0.320,2,-12.15,0,0.35,-2.22,0.00,-34.71,0.77,48.91,https://www.klsescreener.com/v2/stocks/view/5022/paos-holdings-berhad
FLEXI,0231,"Industrial ServicesIndustrial Products & Services, Ace Market",0.120,0,0%,0.050-0.155,"2,400",-3.53,0,0.1,-3.40,0.00,-35.31,1.20,35.96,https://www.klsescreener.com/v2/stocks/view/0231/flexidynamic-holdings-berhad
PGB,0091,"Energy, Infrastructure, Equipment & ServicesEnergy, Main Market",0.060,0,0%,0.055-0.100,56,-3.14,0,0.085,-1.91,0.00,-36.96,0.71,51.97,https://www.klsescreener.com/v2/stocks/view/0091/propel-global-berhad
PINEAPP,0006,"Digital ServicesTechnology, Ace Market",0.860,0,0%,0.580-0.930,0,-7.44,0,0.2,-11.55,0.00,-37.22,4.30,45.88,https://www.klsescreener.com/v2/stocks/view/0006/pineapple-resources-bhd
KEYASIC,0143,"SemiconductorsTechnology, Main Market",0.060,0,0%,0.020-0.095,"12,116",-0.34,0,0.009,-17.61,0.00,-37.43,6.59,84.78,https://www.klsescreener.com/v2/stocks/view/0143/key-asic-berhad
AIM,0122,"Industrial ServicesIndustrial Products & Services, Ace Market",0.050,0,0%,0.020-0.075,0,-1.06,0,0.028,-4.70,0.00,-37.99,1.79,25.01,https://www.klsescreener.com/v2/stocks/view/0122/advance-information-marketing-berhad
TDEX,0132,"SoftwareTechnology, Ace Market",0.025,0,0%,0.020-0.045,615,-0.38,0,0.01,-6.50,0.00,-38.46,2.50,22.14,https://www.klsescreener.com/v2/stocks/view/0132/technodex-bhd
TECHBASE,8966,"Personal GoodsConsumer Products & Services, Main Market",0.055,-0.005,-8.3%,0.050-0.115,"27,852",-28.48,0,0.72,-0.19,0.00,-39.56,0.08,17.24,https://www.klsescreener.com/v2/stocks/view/8966/techbase-industries-berhad
MAGMA,7243,"Food & BeveragesConsumer Products & Services, Main Market",0.270,0,0%,0.265-0.380,"14,384",-2.94,0,0.071,-9.19,0.00,-41.38,3.80,521.12,https://www.klsescreener.com/v2/stocks/view/7243/magma-group-berhad
MTOUCHE,0092,"Telecommunications Service ProvidersTelecommunications & Media, Ace Market",0.025,0,0%,0.020-0.065,105,-2.22,0,0.051,-1.13,0.00,-43.44,0.49,23.17,https://www.klsescreener.com/v2/stocks/view/0092/mtouche-technology-berhad
TECHNAX,2739,"Other Energy ResourcesEnergy, Main Market",0.025,0,0%,0.010-0.060,"2,972",-4.75,0,0.108,-0.53,0.00,-43.96,0.23,7.35,https://www.klsescreener.com/v2/stocks/view/2739/techna-x-berhad
YLI,7014,"MetalsIndustrial Products & Services, Main Market",0.330,0,0%,0.170-0.400,10,-38.69,0,0.87,-0.85,0.00,-44.47,0.38,37.27,https://www.klsescreener.com/v2/stocks/view/7014/yli-holdings-berhad
MAA,1198,"InsuranceFinancial Services, Main Market",0.125,0,0%,0.110-0.210,0,-38.49,0,0.85,-0.32,0.00,-45.28,0.15,32.97,https://www.klsescreener.com/v2/stocks/view/1198/maa-group-berhad
CABNET,0191,"Technology EquipmentTechnology, Ace Market",0.225,0.005,2.3%,0.200-0.415,"1,568",-9.42,0,0.193,-2.39,0.00,-48.88,1.17,40.22,https://www.klsescreener.com/v2/stocks/view/0191/cabnet-holdings-berhad
PMCORP,4081,"Travel, Leisure & HospitalityConsumer Products & Services, Main Market",0.055,0.015,37.5%,0.040-0.105,"1,015",-6.40,0,0.13,-0.86,0.00,-49.16,0.42,48.65,https://www.klsescreener.com/v2/stocks/view/4081/pan-malaysia-corporation-berhad
GENETEC,0104,"Technology EquipmentTechnology, Main Market",0.335,0,0%,0.145-0.590,"141,202",-18.32,0,0.37,-1.83,0.00,-49.51,0.91,265.09,https://www.klsescreener.com/v2/stocks/view/0104/genetec-technology-berhad
VINVEST,0069,"SoftwareTechnology, Ace Market",0.015,0,0%,0.010-0.055,0,-13.40,0,0.27,-0.11,0.00,-49.62,0.06,14.54,https://www.klsescreener.com/v2/stocks/view/0069/vinvest-capital-holdings-berhad
STRAITS,0080,"Transportation & Logistics ServicesTransportation & Logistics, Ace Market",0.025,0,0%,0.020-0.090,0,-5.30,0,0.106,-0.47,0.00,-50.00,0.24,27.35,https://www.klsescreener.com/v2/stocks/view/0080/straits-energy-resources-berhad
OMESTI,9008,"Digital ServicesTechnology, Main Market",0.070,-0.005,-6.7%,0.055-0.100,"16,267",-3.00,0,0.058,-2.34,0.00,-51.51,1.20,162.57,https://www.klsescreener.com/v2/stocks/view/9008/omesti-berhad
D&O,7204,"SemiconductorsTechnology, Main Market",0.525,0.015,2.9%,0.310-1.440,"60,479",-25.29,0,0.488,-2.08,0.00,-51.82,1.08,650.73,https://www.klsescreener.com/v2/stocks/view/7204/d-o-green-technologies-berhad
ITRONIC,9393,"Technology EquipmentTechnology, Main Market",0.030,0.005,20%,0.010-0.045,3,-1.06,0,0.02,-2.83,0.00,-52.94,1.50,21.23,https://www.klsescreener.com/v2/stocks/view/9393/industronics-berhad
SCNWOLF,7239,"Building MaterialsIndustrial Products & Services, Main Market",0.430,-0.025,-5.5%,0.300-0.515,77,-5.85,3,0.11,-7.35,6.98,-53.15,3.91,132.10,https://www.klsescreener.com/v2/stocks/view/7239/scanwolf-corporation-bhd
TAWIN,7097,"MetalsIndustrial Products & Services, Main Market",0.010,0,0%,0.005-0.020,"4,614",-1.30,0,0.024,-0.77,0.00,-54.12,0.42,36.72,https://www.klsescreener.com/v2/stocks/view/7097/ta-win-holdings-berhad
FAST,0084,"Industrial Materials, Components & EquipmentIndustrial Products & Services, Ace Market",0.030,0,0%,0.025-0.045,"1,532",-4.44,0,0.081,-0.68,0.00,-54.84,0.37,15.08,https://www.klsescreener.com/v2/stocks/view/0084/fast-energy-holdings-berhad
SALUTE,0183,"Personal GoodsConsumer Products & Services, Main Market",0.105,0,0%,0.080-0.265,"39,124",-5.02,0,0.089,-2.09,0.00,-56.32,1.18,49.23,https://www.klsescreener.com/v2/stocks/view/0183/salutica-berhad
POS,4634,"Transportation & Logistics ServicesTransportation & Logistics, Main Market",0.240,0,0%,0.235-0.365,"11,213",-23.68,0,0.41,-1.01,0.00,-57.75,0.59,187.87,https://www.klsescreener.com/v2/stocks/view/4634/pos-malaysia-bhd
ZENTECH,0094,"SoftwareTechnology, Ace Market",0.005,0,0%,0.005-0.010,90,-0.62,0,0.01,-0.81,0.00,-62.01,0.50,15.80,https://www.klsescreener.com/v2/stocks/view/0094/zen-tech-international-berhad
AZRB,7078,"ConstructionConstruction, Main Market",0.085,0,0%,0.080-0.210,"1,000",-11.99,0,0.18,-0.71,0.00,-66.59,0.47,55.91,https://www.klsescreener.com/v2/stocks/view/7078/ahmad-zaki-resources-bhd
SEERS,03009,"Houshold GoodsConsumer Products & Services, Leap Market",0.100,0,0%,0.100-0.100,0,-0.67,0,0.01,-14.96,0.00,-66.84,10.00,25.76,https://www.klsescreener.com/v2/stocks/view/03009/seers-berhad
EWICAP,5283,"PropertyProperty, Main Market",0.140,0.005,3.7%,0.130-0.280,"7,194",-19.18,0,0.28,-0.73,0.00,-68.50,0.50,336.00,https://www.klsescreener.com/v2/stocks/view/5283/ewi-capital-berhad
EQ8MID,0824EA,"Equity FundETF-Equity, ETF",1.195,0,0%,1.010-1.300,2,-91.21,1.8,1.204,-1.31,1.51,-75.73,0.99,2.27,https://www.klsescreener.com/v2/stocks/view/0824EA/eq8-msci-malaysia-islamic-dividend-etf
CNASIA,7986,"Industrial Materials, Components & EquipmentIndustrial Products & Services, Main Market",0.085,0.01,13.3%,0.045-0.085,891,-5.44,0,0.07,-1.56,0.00,-77.79,1.21,22.88,https://www.klsescreener.com/v2/stocks/view/7986/cn-asia-corporation-bhd
TOMYPAK,7285,"Packaging MaterialsIndustrial Products & Services, Main Market",0.100,0,0%,0.095-0.335,430,-11.85,0,0.15,-0.84,0.00,-78.98,0.67,43.11,https://www.klsescreener.com/v2/stocks/view/7285/tomypak-holdings-berhad
HEXTECH,5136,"Transportation & Logistics ServicesTransportation & Logistics, Main Market",1.140,0.02,1.8%,1.020-1.300,161,-1.77,0,0.02,-64.41,0.00,-88.50,57.00,2346.56,https://www.klsescreener.com/v2/stocks/view/5136/hextar-technologies-solutions-berhad
KRONO,0176,"Digital ServicesTechnology, Ace Market",0.145,0,0%,0.075-0.235,"7,142",-26.74,0,0.28,-0.54,0.00,-95.49,0.52,129.11,https://www.klsescreener.com/v2/stocks/view/0176/kronologi-asia-berhad
KANGER,0170,"Houshold GoodsConsumer Products & Services, Ace Market",0.025,0,0%,0.020-0.040,0,-11.30,0,0.116,-0.22,0.00,-97.06,0.21,25.50,https://www.klsescreener.com/v2/stocks/view/0170/kanger-international-berhad
MMAG,0034,"Transportation & Logistics ServicesTransportation & Logistics, Ace Market",0.020,-0.005,-20%,0.015-0.640,"24,107",-5.83,0,0.058,-0.34,0.00,-100.56,0.34,46.42,https://www.klsescreener.com/v2/stocks/view/0034/mmag-holdings-berhad
WIDAD,0162,"ConstructionConstruction, Ace Market",0.010,0,0%,0.005-0.020,772,-7.25,0,0.07,-0.14,0.00,-103.51,0.14,31.21,https://www.klsescreener.com/v2/stocks/view/0162/widad-group-berhad
GPACKET,0082,"Telecommunications Service ProvidersTelecommunications & Media, Main Market",0.020,0,0%,0.015-0.050,150,-0.92,0,0.008,-2.18,0.00,-108.00,2.35,52.02,https://www.klsescreener.com/v2/stocks/view/0082/green-packet-berhad
RL,0219,"Energy, Infrastructure, Equipment & ServicesEnergy, Main Market",0.290,-0.01,-3.3%,0.195-0.320,"19,595",-17.47,0,0.16,-1.66,0.00,-109.16,1.81,113.10,https://www.klsescreener.com/v2/stocks/view/0219/reservoir-link-energy-bhd
VIZIONE,7070,"ConstructionConstruction, Main Market",0.100,0,0%,0.040-0.155,0,-48.93,0,0.406,-0.20,0.00,-120.46,0.25,55.25,https://www.klsescreener.com/v2/stocks/view/7070/vizione-holdings-berhad
AAGB,5238,"Travel, Leisure & HospitalityConsumer Products & Services, Main Market",0.475,0,0%,0.460-2.330,"196,043",-17.13,0,0.14,-2.77,0.00,-122.36,3.39,1596.40,https://www.klsescreener.com/v2/stocks/view/5238/airasia-group-berhad
PRG,7168,"Personal GoodsConsumer Products & Services, Main Market",0.105,0,0%,0.060-0.140,"5,993",-11.30,0,0.089,-0.93,0.00,-126.77,1.18,51.48,https://www.klsescreener.com/v2/stocks/view/7168/prg-holdings-berhad
OASIS,5265,"Travel, Leisure & HospitalityConsumer Products & Services, Main Market",0.075,0,0%,0.075-0.242,"1,100",-9.34,0,0.071,-0.80,0.00,-131.56,1.06,16.56,https://www.klsescreener.com/v2/stocks/view/5265/oasis-harvest-corporation-berhad
BJFOOD,5196,"Travel, Leisure & HospitalityConsumer Products & Services, Main Market",0.145,-0.005,-3.3%,0.140-0.305,221,-4.87,0,0.034,-2.98,0.00,-144.41,4.30,314.84,https://www.klsescreener.com/v2/stocks/view/5196/berjaya-food-berhad
LYC,0075,"Health Care ProvidersHealth Care, Ace Market",0.005,0,0%,0.005-0.035,682,-2.96,0,0.02,-0.17,0.00,-148.01,0.25,3.70,https://www.klsescreener.com/v2/stocks/view/0075/lyc-healthcare-berhad
DATAPRP,8338,"Digital ServicesTechnology, Main Market",0.065,-0.005,-7.1%,0.050-0.120,"3,011",-3.20,0,0.02,-2.03,0.00,-159.81,3.25,55.90,https://www.klsescreener.com/v2/stocks/view/8338/dataprep-holdings-bhd
BPURI,5932,"ConstructionConstruction, Main Market",0.220,0.005,2.3%,0.205-0.350,"9,412",-12.30,0,0.05,-1.79,0.00,-246.51,4.41,196.49,https://www.klsescreener.com/v2/stocks/view/5932/bina-puri-holdings-bhd
EQ8MY25,0821EA,"Equity FundETF-Equity, ETF",1.050,0,0%,0.956-1.080,15,-271.32,1.5,1.037,-0.39,1.43,-261.72,1.01,2.62,https://www.klsescreener.com/v2/stocks/view/0821EA/eq8-dow-jones-islamic-market-malaysia-titans-25-etf
CLOUD,03001,"Digital ServicesTechnology, Leap Market",0.050,0,0%,0.050-0.050,0,-3.79,0,0.014,-1.32,0.00,-278.49,3.68,41.56,https://www.klsescreener.com/v2/stocks/view/03001/cloudaron-group-berhad
EQ8SID,0825EA,"Equity FundETF-Equity, ETF",0.625,0,0%,0.625-0.800,0,-228.06,0.6,0.705,-0.27,0.96,-323.58,0.89,2.19,https://www.klsescreener.com/v2/stocks/view/0825EA/eq8-msci-sea-islamic-dividend-etf
HANDAL,7253,"Energy, Infrastructure, Equipment & ServicesEnergy, Main Market",0.010,0,0%,0.010-0.065,0,-7.30,0,0.02,-0.14,0.00,-364.97,0.50,4.51,https://www.klsescreener.com/v2/stocks/view/7253/handal-energy-berhad
DIGISTA,0029,"Digital ServicesTechnology, Main Market",0.040,0.005,14.3%,0.030-0.065,652,-0.55,0,0.001,-7.21,0.00,-504.45,36.36,27.93,https://www.klsescreener.com/v2/stocks/view/0029/digistar-corporation-bhd
